Workbook

Sheet Dashboard
A1: داشبورد عملکرد اپراتورها (SLA)
A3: خلاصه عملکرد بر اساس سرگروه (Team Lead)
A4: سرگروه | B4: تعداد اپراتور | C4: مجموع سفارشات | D4: میانگین OCT (دقیقه) | E4: میانگین امتیاز
A5: آتنا مالمیر | B5: =COUNTIF('Operators performance'!$E$3:$E$1001,A5) -> 42 | C5: =SUMIF('Operators performance'!$E$3:$E$1001,A5,'Operators performance'!$G$3:$G$1001)+SUMIF('Operators performance'!$E$3:$E$1001,A5,'Operators performance'!$L$3:$L$1001) -> 8361 | D5: =IFERROR((AVERAGEIF('Operators performance'!$E$3:$E$1001,A5,'Operators performance'!$H$3:$H$1001)+AVERAGEIF('Operators performance'!$E$3:$E$1001,A5,'Operators performance'!$M$3:$M$1001))/2,0) -> 28.7375 | E5: =IFERROR((AVERAGEIF('Operators performance'!$E$3:$E$1001,A5,'Operators performance'!$K$3:$K$1001)+AVERAGEIF('Operators performance'!$E$3:$E$1001,A5,'Operators performance'!$P$3:$P$1001))/2,0) -> 2.5297619
A6: امیررضا فلاح | B6: =COUNTIF('Operators performance'!$E$3:$E$1001,A6) -> 32 | C6: =SUMIF('Operators performance'!$E$3:$E$1001,A6,'Operators performance'!$G$3:$G$1001)+SUMIF('Operators performance'!$E$3:$E$1001,A6,'Operators performance'!$L$3:$L$1001) -> 5488 | D6: =IFERROR((AVERAGEIF('Operators performance'!$E$3:$E$1001,A6,'Operators performance'!$H$3:$H$1001)+AVERAGEIF('Operators performance'!$E$3:$E$1001,A6,'Operators performance'!$M$3:$M$1001))/2,0) -> 31.80625 | E6: =IFERROR((AVERAGEIF('Operators performance'!$E$3:$E$1001,A6,'Operators performance'!$K$3:$K$1001)+AVERAGEIF('Operators performance'!$E$3:$E$1001,A6,'Operators performance'!$P$3:$P$1001))/2,0) -> 2.1328125
A7: شاهین شهریاری | B7: =COUNTIF('Operators performance'!$E$3:$E$1001,A7) -> 3 | C7: =SUMIF('Operators performance'!$E$3:$E$1001,A7,'Operators performance'!$G$3:$G$1001)+SUMIF('Operators performance'!$E$3:$E$1001,A7,'Operators performance'!$L$3:$L$1001) -> 46 | D7: =IFERROR((AVERAGEIF('Operators performance'!$E$3:$E$1001,A7,'Operators performance'!$H$3:$H$1001)+AVERAGEIF('Operators performance'!$E$3:$E$1001,A7,'Operators performance'!$M$3:$M$1001))/2,0) -> 22.166667 | E7: =IFERROR((AVERAGEIF('Operators performance'!$E$3:$E$1001,A7,'Operators performance'!$K$3:$K$1001)+AVERAGEIF('Operators performance'!$E$3:$E$1001,A7,'Operators performance'!$P$3:$P$1001))/2,0) -> 1.5
A8: علیرضا زمانیان | B8: =COUNTIF('Operators performance'!$E$3:$E$1001,A8) -> 51 | C8: =SUMIF('Operators performance'!$E$3:$E$1001,A8,'Operators performance'!$G$3:$G$1001)+SUMIF('Operators performance'!$E$3:$E$1001,A8,'Operators performance'!$L$3:$L$1001) -> 12812 | D8: =IFERROR((AVERAGEIF('Operators performance'!$E$3:$E$1001,A8,'Operators performance'!$H$3:$H$1001)+AVERAGEIF('Operators performance'!$E$3:$E$1001,A8,'Operators performance'!$M$3:$M$1001))/2,0) -> 28.392745 | E8: =IFERROR((AVERAGEIF('Operators performance'!$E$3:$E$1001,A8,'Operators performance'!$K$3:$K$1001)+AVERAGEIF('Operators performance'!$E$3:$E$1001,A8,'Operators performance'!$P$3:$P$1001))/2,0) -> 2.8284314
A9: فاطمه دهقانپور | B9: =COUNTIF('Operators performance'!$E$3:$E$1001,A9) -> 44 | C9: =SUMIF('Operators performance'!$E$3:$E$1001,A9,'Operators performance'!$G$3:$G$1001)+SUMIF('Operators performance'!$E$3:$E$1001,A9,'Operators performance'!$L$3:$L$1001) -> 9632 | D9: =IFERROR((AVERAGEIF('Operators performance'!$E$3:$E$1001,A9,'Operators performance'!$H$3:$H$1001)+AVERAGEIF('Operators performance'!$E$3:$E$1001,A9,'Operators performance'!$M$3:$M$1001))/2,0) -> 32.939394 | E9: =IFERROR((AVERAGEIF('Operators performance'!$E$3:$E$1001,A9,'Operators performance'!$K$3:$K$1001)+AVERAGEIF('Operators performance'!$E$3:$E$1001,A9,'Operators performance'!$P$3:$P$1001))/2,0) -> 2.3522727
A10: مریم ایزدی - شاهین شهریاری | B10: =COUNTIF('Operators performance'!$E$3:$E$1001,A10) -> 30 | C10: =SUMIF('Operators performance'!$E$3:$E$1001,A10,'Operators performance'!$G$3:$G$1001)+SUMIF('Operators performance'!$E$3:$E$1001,A10,'Operators performance'!$L$3:$L$1001) -> 5799 | D10: =IFERROR((AVERAGEIF('Operators performance'!$E$3:$E$1001,A10,'Operators performance'!$H$3:$H$1001)+AVERAGEIF('Operators performance'!$E$3:$E$1001,A10,'Operators performance'!$M$3:$M$1001))/2,0) -> 26.475926 | E10: =IFERROR((AVERAGEIF('Operators performance'!$E$3:$E$1001,A10,'Operators performance'!$K$3:$K$1001)+AVERAGEIF('Operators performance'!$E$3:$E$1001,A10,'Operators performance'!$P$3:$P$1001))/2,0) -> 2.5083333
A11: مهدی ایازی | B11: =COUNTIF('Operators performance'!$E$3:$E$1001,A11) -> 29 | C11: =SUMIF('Operators performance'!$E$3:$E$1001,A11,'Operators performance'!$G$3:$G$1001)+SUMIF('Operators performance'!$E$3:$E$1001,A11,'Operators performance'!$L$3:$L$1001) -> 6660 | D11: =IFERROR((AVERAGEIF('Operators performance'!$E$3:$E$1001,A11,'Operators performance'!$H$3:$H$1001)+AVERAGEIF('Operators performance'!$E$3:$E$1001,A11,'Operators performance'!$M$3:$M$1001))/2,0) -> 37.413793 | E11: =IFERROR((AVERAGEIF('Operators performance'!$E$3:$E$1001,A11,'Operators performance'!$K$3:$K$1001)+AVERAGEIF('Operators performance'!$E$3:$E$1001,A11,'Operators performance'!$P$3:$P$1001))/2,0) -> 2.25
A12: مهدی فراهانی | B12: =COUNTIF('Operators performance'!$E$3:$E$1001,A12) -> 45 | C12: =SUMIF('Operators performance'!$E$3:$E$1001,A12,'Operators performance'!$G$3:$G$1001)+SUMIF('Operators performance'!$E$3:$E$1001,A12,'Operators performance'!$L$3:$L$1001) -> 10746 | D12: =IFERROR((AVERAGEIF('Operators performance'!$E$3:$E$1001,A12,'Operators performance'!$H$3:$H$1001)+AVERAGEIF('Operators performance'!$E$3:$E$1001,A12,'Operators performance'!$M$3:$M$1001))/2,0) -> 25.664646 | E12: =IFERROR((AVERAGEIF('Operators performance'!$E$3:$E$1001,A12,'Operators performance'!$K$3:$K$1001)+AVERAGEIF('Operators performance'!$E$3:$E$1001,A12,'Operators performance'!$P$3:$P$1001))/2,0) -> 2.8111111
A13: هومن قضائی | B13: =COUNTIF('Operators performance'!$E$3:$E$1001,A13) -> 6 | C13: =SUMIF('Operators performance'!$E$3:$E$1001,A13,'Operators performance'!$G$3:$G$1001)+SUMIF('Operators performance'!$E$3:$E$1001,A13,'Operators performance'!$L$3:$L$1001) -> 347 | D13: =IFERROR((AVERAGEIF('Operators performance'!$E$3:$E$1001,A13,'Operators performance'!$H$3:$H$1001)+AVERAGEIF('Operators performance'!$E$3:$E$1001,A13,'Operators performance'!$M$3:$M$1001))/2,0) -> 35.166667 | E13: =IFERROR((AVERAGEIF('Operators performance'!$E$3:$E$1001,A13,'Operators performance'!$K$3:$K$1001)+AVERAGEIF('Operators performance'!$E$3:$E$1001,A13,'Operators performance'!$P$3:$P$1001))/2,0) -> 1.4166667
A16: خلاصه عملکرد بر اساس شرکت
A17: شرکت | B17: تعداد اپراتور | C17: مجموع سفارشات | D17: میانگین امتیاز
A18: آرمان | B18: =COUNTIF('Operators performance'!$C$3:$C$1001,A18) -> 1 | C18: =SUMIF('Operators performance'!$C$3:$C$1001,A18,'Operators performance'!$G$3:$G$1001)+SUMIF('Operators performance'!$C$3:$C$1001,A18,'Operators performance'!$L$3:$L$1001) -> 167 | D18: =IFERROR((AVERAGEIF('Operators performance'!$C$3:$C$1001,A18,'Operators performance'!$K$3:$K$1001)+AVERAGEIF('Operators performance'!$C$3:$C$1001,A18,'Operators performance'!$P$3:$P$1001))/2,0) -> 1.25
A19: البرز | B19: =COUNTIF('Operators performance'!$C$3:$C$1001,A19) -> 1 | C19: =SUMIF('Operators performance'!$C$3:$C$1001,A19,'Operators performance'!$G$3:$G$1001)+SUMIF('Operators performance'!$C$3:$C$1001,A19,'Operators performance'!$L$3:$L$1001) -> 162 | D19: =IFERROR((AVERAGEIF('Operators performance'!$C$3:$C$1001,A19,'Operators performance'!$K$3:$K$1001)+AVERAGEIF('Operators performance'!$C$3:$C$1001,A19,'Operators performance'!$P$3:$P$1001))/2,0) -> 1.25
A20: ایران | B20: =COUNTIF('Operators performance'!$C$3:$C$1001,A20) -> 38 | C20: =SUMIF('Operators performance'!$C$3:$C$1001,A20,'Operators performance'!$G$3:$G$1001)+SUMIF('Operators performance'!$C$3:$C$1001,A20,'Operators performance'!$L$3:$L$1001) -> 12601 | D20: =IFERROR((AVERAGEIF('Operators performance'!$C$3:$C$1001,A20,'Operators performance'!$K$3:$K$1001)+AVERAGEIF('Operators performance'!$C$3:$C$1001,A20,'Operators performance'!$P$3:$P$1001))/2,0) -> 3.4210526
A21: تعاون | B21: =COUNTIF('Operators performance'!$C$3:$C$1001,A21) -> 48 | C21: =SUMIF('Operators performance'!$C$3:$C$1001,A21,'Operators performance'!$G$3:$G$1001)+SUMIF('Operators performance'!$C$3:$C$1001,A21,'Operators performance'!$L$3:$L$1001) -> 9625 | D21: =IFERROR((AVERAGEIF('Operators performance'!$C$3:$C$1001,A21,'Operators performance'!$K$3:$K$1001)+AVERAGEIF('Operators performance'!$C$3:$C$1001,A21,'Operators performance'!$P$3:$P$1001))/2,0) -> 2.6145833
A22: دی | B22: =COUNTIF('Operators performance'!$C$3:$C$1001,A22) -> 9 | C22: =SUMIF('Operators performance'!$C$3:$C$1001,A22,'Operators performance'!$G$3:$G$1001)+SUMIF('Operators performance'!$C$3:$C$1001,A22,'Operators performance'!$L$3:$L$1001) -> 1165 | D22: =IFERROR((AVERAGEIF('Operators performance'!$C$3:$C$1001,A22,'Operators performance'!$K$3:$K$1001)+AVERAGEIF('Operators performance'!$C$3:$C$1001,A22,'Operators performance'!$P$3:$P$1001))/2,0) -> 1.5555556
A23: رازی | B23: =COUNTIF('Operators performance'!$C$3:$C$1001,A23) -> 74 | C23: =SUMIF('Operators performance'!$C$3:$C$1001,A23,'Operators performance'!$G$3:$G$1001)+SUMIF('Operators performance'!$C$3:$C$1001,A23,'Operators performance'!$L$3:$L$1001) -> 13849 | D23: =IFERROR((AVERAGEIF('Operators performance'!$C$3:$C$1001,A23,'Operators performance'!$K$3:$K$1001)+AVERAGEIF('Operators performance'!$C$3:$C$1001,A23,'Operators performance'!$P$3:$P$1001))/2,0) -> 2.3581081
A24: سنتر | B24: =COUNTIF('Operators performance'!$C$3:$C$1001,A24) -> 39 | C24: =SUMIF('Operators performance'!$C$3:$C$1001,A24,'Operators performance'!$G$3:$G$1001)+SUMIF('Operators performance'!$C$3:$C$1001,A24,'Operators performance'!$L$3:$L$1001) -> 6192 | D24: =IFERROR((AVERAGEIF('Operators performance'!$C$3:$C$1001,A24,'Operators performance'!$K$3:$K$1001)+AVERAGEIF('Operators performance'!$C$3:$C$1001,A24,'Operators performance'!$P$3:$P$1001))/2,0) -> 2.2628205
A25: سینا | B25: =COUNTIF('Operators performance'!$C$3:$C$1001,A25) -> 58 | C25: =SUMIF('Operators performance'!$C$3:$C$1001,A25,'Operators performance'!$G$3:$G$1001)+SUMIF('Operators performance'!$C$3:$C$1001,A25,'Operators performance'!$L$3:$L$1001) -> 13773 | D25: =IFERROR((AVERAGEIF('Operators performance'!$C$3:$C$1001,A25,'Operators performance'!$K$3:$K$1001)+AVERAGEIF('Operators performance'!$C$3:$C$1001,A25,'Operators performance'!$P$3:$P$1001))/2,0) -> 2.3922414
A26: هوشمند فردا | B26: =COUNTIF('Operators performance'!$C$3:$C$1001,A26) -> 11 | C26: =SUMIF('Operators performance'!$C$3:$C$1001,A26,'Operators performance'!$G$3:$G$1001)+SUMIF('Operators performance'!$C$3:$C$1001,A26,'Operators performance'!$L$3:$L$1001) -> 2202 | D26: =IFERROR((AVERAGEIF('Operators performance'!$C$3:$C$1001,A26,'Operators performance'!$K$3:$K$1001)+AVERAGEIF('Operators performance'!$C$3:$C$1001,A26,'Operators performance'!$P$3:$P$1001))/2,0) -> 2.0909091
A27: پارسیان | B27: =COUNTIF('Operators performance'!$C$3:$C$1001,A27) -> 3 | C27: =SUMIF('Operators performance'!$C$3:$C$1001,A27,'Operators performance'!$G$3:$G$1001)+SUMIF('Operators performance'!$C$3:$C$1001,A27,'Operators performance'!$L$3:$L$1001) -> 155 | D27: =IFERROR((AVERAGEIF('Operators performance'!$C$3:$C$1001,A27,'Operators performance'!$K$3:$K$1001)+AVERAGEIF('Operators performance'!$C$3:$C$1001,A27,'Operators performance'!$P$3:$P$1001))/2,0) -> 1.9166667
A30: خلاصه باگ‌های ثبت‌شده
A31: نوع باگ | B31: تعداد
A32: غیرمالی (N.F.B) | B32: =SUM('Operator Bugs'!$M$2:$M$1002) -> 0
A33: مالی (F.B) | B33: =SUM('Operator Bugs'!$N$2:$N$1002) -> 0
A34: اثرگذار (E.B) | B34: =SUM('Operator Bugs'!$O$2:$O$1002) -> 0
A35: مجموع کل | B35: =SUM('Operator Bugs'!$P$2:$P$1002) -> 0

Sheet Operators performance
A1: اپراتور صدور | B1: Operator | C1: Company | D1: Work Shift | E1: Team Lead | F1: Operators Bug Price | G1: orders_handled | H1: OCT(min) | I1: Issuing Score (out of 5) | J1: Oct Score (out of 5) | K1: average Score | L1: orders_handled | M1: OCT(min) | N1: Issuing Score (out of 5) | O1: Oct Score (out of 5) | P1: average Score | Q1: salary
G2: 1st week-6 | L2: 2nd week-6
A3: آبتین جباری | B3: =TRIM(A3) -> آبتین جباری | C3: =VLOOKUP(B3,Company!B:E,3,0) -> ایران | D3: =VLOOKUP(B3,Company!B:E,2,0) -> صبح | E3: {=IFERROR(INDEX('Team Leads'!$B:$D, MATCH(C3,'Team Leads'!$A:$A,0), MATCH(D3,'Team Leads'!$B$1:$D$1,0)), "")} -> مهدی فراهانی | F3: =VLOOKUP(B3,'Operator Bugs'!A:P,16,0) -> 0 | G3: =IFERROR(VLOOKUP(B3,'6-week1'!B:D,2,0),0) -> 334 | H3: =IFERROR(VLOOKUP(B3,'6-week1'!B:D,3,0),"-") -> 8 | I3: =IF(G3>179,5,IF(G3>149,4,IF(G3>119,3,IF(G3>89,2,IF(G3>59,1,IF(G3<=59,0)))))) -> 5 | J3: =IF(H3>39,1,IF(H3>32,2,IF(H3>26,3,IF(H3>20,4,IF(H3<=20,5))))) -> 5 | K3: =AVERAGE(I3:J3) -> 5 | L3: =IFERROR(VLOOKUP(B3,'6-week2'!B:D,2,0),0) -> 298 | M3: =IFERROR(VLOOKUP(B3,'6-week2'!B:D,3,0),0) -> 8 | N3: =IF(L3>179,5,IF(L3>149,4,IF(L3>119,3,IF(L3>89,2,IF(L3>59,1,IF(L3<=59,0)))))) -> 5 | O3: =IF(M3>39,1,IF(M3>32,2,IF(M3>26,3,IF(M3>20,4,IF(M3<=20,5))))) -> 5 | P3: =AVERAGE(N3,O3) -> 5 | Q3: =IFERROR(VLOOKUP(B3,'6-week1'!B:F,5,0),0) -> 0
A4: رویا زارعی | B4: =TRIM(A4) -> رویا زارعی | C4: =VLOOKUP(B4,Company!B:E,3,0) -> رازی | D4: =VLOOKUP(B4,Company!B:E,2,0) -> صبح | E4: {=IFERROR(INDEX('Team Leads'!$B:$D, MATCH(C4,'Team Leads'!$A:$A,0), MATCH(D4,'Team Leads'!$B$1:$D$1,0)), "")} -> آتنا مالمیر | F4: =VLOOKUP(B4,'Operator Bugs'!A:P,16,0) -> 0 | G4: =IFERROR(VLOOKUP(B4,'6-week1'!B:D,2,0),0) -> 219 | H4: =IFERROR(VLOOKUP(B4,'6-week1'!B:D,3,0),"-") -> 15 | I4: =IF(G4>179,5,IF(G4>149,4,IF(G4>119,3,IF(G4>89,2,IF(G4>59,1,IF(G4<=59,0)))))) -> 5 | J4: =IF(H4>39,1,IF(H4>32,2,IF(H4>26,3,IF(H4>20,4,IF(H4<=20,5))))) -> 5 | K4: =AVERAGE(I4:J4) -> 5 | L4: =IFERROR(VLOOKUP(B4,'6-week2'!B:D,2,0),0) -> 232 | M4: =IFERROR(VLOOKUP(B4,'6-week2'!B:D,3,0),0) -> 13 | N4: =IF(L4>179,5,IF(L4>149,4,IF(L4>119,3,IF(L4>89,2,IF(L4>59,1,IF(L4<=59,0)))))) -> 5 | O4: =IF(M4>39,1,IF(M4>32,2,IF(M4>26,3,IF(M4>20,4,IF(M4<=20,5))))) -> 5 | P4: =AVERAGE(N4,O4) -> 5 | Q4: =IFERROR(VLOOKUP(B4,'6-week1'!B:F,5,0),0) -> 0
A5: علی قناعتی | B5: =TRIM(A5) -> علی قناعتی | C5: =VLOOKUP(B5,Company!B:E,3,0) -> ایران | D5: =VLOOKUP(B5,Company!B:E,2,0) -> عصر | E5: {=IFERROR(INDEX('Team Leads'!$B:$D, MATCH(C5,'Team Leads'!$A:$A,0), MATCH(D5,'Team Leads'!$B$1:$D$1,0)), "")} -> علیرضا زمانیان | F5: =VLOOKUP(B5,'Operator Bugs'!A:P,16,0) -> 0 | G5: =IFERROR(VLOOKUP(B5,'6-week1'!B:D,2,0),0) -> 262 | H5: =IFERROR(VLOOKUP(B5,'6-week1'!B:D,3,0),"-") -> 10 | I5: =IF(G5>179,5,IF(G5>149,4,IF(G5>119,3,IF(G5>89,2,IF(G5>59,1,IF(G5<=59,0)))))) -> 5 | J5: =IF(H5>39,1,IF(H5>32,2,IF(H5>26,3,IF(H5>20,4,IF(H5<=20,5))))) -> 5 | K5: =AVERAGE(I5:J5) -> 5 | L5: =IFERROR(VLOOKUP(B5,'6-week2'!B:D,2,0),0) -> 480 | M5: =IFERROR(VLOOKUP(B5,'6-week2'!B:D,3,0),0) -> 18 | N5: =IF(L5>179,5,IF(L5>149,4,IF(L5>119,3,IF(L5>89,2,IF(L5>59,1,IF(L5<=59,0)))))) -> 5 | O5: =IF(M5>39,1,IF(M5>32,2,IF(M5>26,3,IF(M5>20,4,IF(M5<=20,5))))) -> 5 | P5: =AVERAGE(N5,O5) -> 5 | Q5: =IFERROR(VLOOKUP(B5,'6-week1'!B:F,5,0),0) -> 0
A6: علیرضا حمید نیا | B6: =TRIM(A6) -> علیرضا حمید نیا | C6: =VLOOKUP(B6,Company!B:E,3,0) -> ایران | D6: =VLOOKUP(B6,Company!B:E,2,0) -> عصر | E6: {=IFERROR(INDEX('Team Leads'!$B:$D, MATCH(C6,'Team Leads'!$A:$A,0), MATCH(D6,'Team Leads'!$B$1:$D$1,0)), "")} -> علیرضا زمانیان | F6: =VLOOKUP(B6,'Operator Bugs'!A:P,16,0) -> 0 | G6: =IFERROR(VLOOKUP(B6,'6-week1'!B:D,2,0),0) -> 250 | H6: =IFERROR(VLOOKUP(B6,'6-week1'!B:D,3,0),"-") -> 15 | I6: =IF(G6>179,5,IF(G6>149,4,IF(G6>119,3,IF(G6>89,2,IF(G6>59,1,IF(G6<=59,0)))))) -> 5 | J6: =IF(H6>39,1,IF(H6>32,2,IF(H6>26,3,IF(H6>20,4,IF(H6<=20,5))))) -> 5 | K6: =AVERAGE(I6:J6) -> 5 | L6: =IFERROR(VLOOKUP(B6,'6-week2'!B:D,2,0),0) -> 253 | M6: =IFERROR(VLOOKUP(B6,'6-week2'!B:D,3,0),0) -> 11 | N6: =IF(L6>179,5,IF(L6>149,4,IF(L6>119,3,IF(L6>89,2,IF(L6>59,1,IF(L6<=59,0)))))) -> 5 | O6: =IF(M6>39,1,IF(M6>32,2,IF(M6>26,3,IF(M6>20,4,IF(M6<=20,5))))) -> 5 | P6: =AVERAGE(N6,O6) -> 5 | Q6: =IFERROR(VLOOKUP(B6,'6-week1'!B:F,5,0),0) -> 0
A7: معراج عزیزی | B7: =TRIM(A7) -> معراج عزیزی | C7: =VLOOKUP(B7,Company!B:E,3,0) -> ایران | D7: =VLOOKUP(B7,Company!B:E,2,0) -> عصر | E7: {=IFERROR(INDEX('Team Leads'!$B:$D, MATCH(C7,'Team Leads'!$A:$A,0), MATCH(D7,'Team Leads'!$B$1:$D$1,0)), "")} -> علیرضا زمانیان | F7: =VLOOKUP(B7,'Operator Bugs'!A:P,16,0) -> 0 | G7: =IFERROR(VLOOKUP(B7,'6-week1'!B:D,2,0),0) -> 333 | H7: =IFERROR(VLOOKUP(B7,'6-week1'!B:D,3,0),"-") -> 15 | I7: =IF(G7>179,5,IF(G7>149,4,IF(G7>119,3,IF(G7>89,2,IF(G7>59,1,IF(G7<=59,0)))))) -> 5 | J7: =IF(H7>39,1,IF(H7>32,2,IF(H7>26,3,IF(H7>20,4,IF(H7<=20,5))))) -> 5 | K7: =AVERAGE(I7:J7) -> 5 | L7: =IFERROR(VLOOKUP(B7,'6-week2'!B:D,2,0),0) -> 194 | M7: =IFERROR(VLOOKUP(B7,'6-week2'!B:D,3,0),0) -> 12 | N7: =IF(L7>179,5,IF(L7>149,4,IF(L7>119,3,IF(L7>89,2,IF(L7>59,1,IF(L7<=59,0)))))) -> 5 | O7: =IF(M7>39,1,IF(M7>32,2,IF(M7>26,3,IF(M7>20,4,IF(M7<=20,5))))) -> 5 | P7: =AVERAGE(N7,O7) -> 5 | Q7: =IFERROR(VLOOKUP(B7,'6-week1'!B:F,5,0),0) -> 0
A8: افشین میرزاده | B8: =TRIM(A8) -> افشین میرزاده | C8: =VLOOKUP(B8,Company!B:E,3,0) -> ایران | D8: =VLOOKUP(B8,Company!B:E,2,0) -> صبح | E8: {=IFERROR(INDEX('Team Leads'!$B:$D, MATCH(C8,'Team Leads'!$A:$A,0), MATCH(D8,'Team Leads'!$B$1:$D$1,0)), "")} -> مهدی فراهانی | F8: =VLOOKUP(B8,'Operator Bugs'!A:P,16,0) -> 0 | G8: =IFERROR(VLOOKUP(B8,'6-week1'!B:D,2,0),0) -> 269 | H8: =IFERROR(VLOOKUP(B8,'6-week1'!B:D,3,0),"-") -> 18 | I8: =IF(G8>179,5,IF(G8>149,4,IF(G8>119,3,IF(G8>89,2,IF(G8>59,1,IF(G8<=59,0)))))) -> 5 | J8: =IF(H8>39,1,IF(H8>32,2,IF(H8>26,3,IF(H8>20,4,IF(H8<=20,5))))) -> 5 | K8: =AVERAGE(I8:J8) -> 5 | L8: =IFERROR(VLOOKUP(B8,'6-week2'!B:D,2,0),0) -> 201 | M8: =IFERROR(VLOOKUP(B8,'6-week2'!B:D,3,0),0) -> 24 | N8: =IF(L8>179,5,IF(L8>149,4,IF(L8>119,3,IF(L8>89,2,IF(L8>59,1,IF(L8<=59,0)))))) -> 5 | O8: =IF(M8>39,1,IF(M8>32,2,IF(M8>26,3,IF(M8>20,4,IF(M8<=20,5))))) -> 4 | P8: =AVERAGE(N8,O8) -> 4.5 | Q8: =IFERROR(VLOOKUP(B8,'6-week1'!B:F,5,0),0) -> 0
A9: امیر حسین پزشک پور | B9: =TRIM(A9) -> امیر حسین پزشک پور | C9: =VLOOKUP(B9,Company!B:E,3,0) -> رازی | D9: =VLOOKUP(B9,Company!B:E,2,0) -> صبح | E9: {=IFERROR(INDEX('Team Leads'!$B:$D, MATCH(C9,'Team Leads'!$A:$A,0), MATCH(D9,'Team Leads'!$B$1:$D$1,0)), "")} -> آتنا مالمیر | F9: =VLOOKUP(B9,'Operator Bugs'!A:P,16,0) -> 0 | G9: =IFERROR(VLOOKUP(B9,'6-week1'!B:D,2,0),0) -> 221 | H9: =IFERROR(VLOOKUP(B9,'6-week1'!B:D,3,0),"-") -> 16 | I9: =IF(G9>179,5,IF(G9>149,4,IF(G9>119,3,IF(G9>89,2,IF(G9>59,1,IF(G9<=59,0)))))) -> 5 | J9: =IF(H9>39,1,IF(H9>32,2,IF(H9>26,3,IF(H9>20,4,IF(H9<=20,5))))) -> 5 | K9: =AVERAGE(I9:J9) -> 5 | L9: =IFERROR(VLOOKUP(B9,'6-week2'!B:D,2,0),0) -> 233 | M9: =IFERROR(VLOOKUP(B9,'6-week2'!B:D,3,0),0) -> 22 | N9: =IF(L9>179,5,IF(L9>149,4,IF(L9>119,3,IF(L9>89,2,IF(L9>59,1,IF(L9<=59,0)))))) -> 5 | O9: =IF(M9>39,1,IF(M9>32,2,IF(M9>26,3,IF(M9>20,4,IF(M9<=20,5))))) -> 4 | P9: =AVERAGE(N9,O9) -> 4.5 | Q9: =IFERROR(VLOOKUP(B9,'6-week1'!B:F,5,0),0) -> 0
A10: سارا جاوری | B10: =TRIM(A10) -> سارا جاوری | C10: =VLOOKUP(B10,Company!B:E,3,0) -> ایران | D10: =VLOOKUP(B10,Company!B:E,2,0) -> صبح | E10: {=IFERROR(INDEX('Team Leads'!$B:$D, MATCH(C10,'Team Leads'!$A:$A,0), MATCH(D10,'Team Leads'!$B$1:$D$1,0)), "")} -> مهدی فراهانی | F10: =VLOOKUP(B10,'Operator Bugs'!A:P,16,0) -> 0 | G10: =IFERROR(VLOOKUP(B10,'6-week1'!B:D,2,0),0) -> 269 | H10: =IFERROR(VLOOKUP(B10,'6-week1'!B:D,3,0),"-") -> 19 | I10: =IF(G10>179,5,IF(G10>149,4,IF(G10>119,3,IF(G10>89,2,IF(G10>59,1,IF(G10<=59,0)))))) -> 5 | J10: =IF(H10>39,1,IF(H10>32,2,IF(H10>26,3,IF(H10>20,4,IF(H10<=20,5))))) -> 5 | K10: =AVERAGE(I10:J10) -> 5 | L10: =IFERROR(VLOOKUP(B10,'6-week2'!B:D,2,0),0) -> 258 | M10: =IFERROR(VLOOKUP(B10,'6-week2'!B:D,3,0),0) -> 17 | N10: =IF(L10>179,5,IF(L10>149,4,IF(L10>119,3,IF(L10>89,2,IF(L10>59,1,IF(L10<=59,0)))))) -> 5 | O10: =IF(M10>39,1,IF(M10>32,2,IF(M10>26,3,IF(M10>20,4,IF(M10<=20,5))))) -> 5 | P10: =AVERAGE(N10,O10) -> 5 | Q10: =IFERROR(VLOOKUP(B10,'6-week1'!B:F,5,0),0) -> 0
A11: سارا رسولی | B11: =TRIM(A11) -> سارا رسولی | C11: =VLOOKUP(B11,Company!B:E,3,0) -> رازی | D11: =VLOOKUP(B11,Company!B:E,2,0) -> عصر | E11: {=IFERROR(INDEX('Team Leads'!$B:$D, MATCH(C11,'Team Leads'!$A:$A,0), MATCH(D11,'Team Leads'!$B$1:$D$1,0)), "")} -> امیررضا فلاح | F11: =VLOOKUP(B11,'Operator Bugs'!A:P,16,0) -> 0 | G11: =IFERROR(VLOOKUP(B11,'6-week1'!B:D,2,0),0) -> 235 | H11: =IFERROR(VLOOKUP(B11,'6-week1'!B:D,3,0),"-") -> 16 | I11: =IF(G11>179,5,IF(G11>149,4,IF(G11>119,3,IF(G11>89,2,IF(G11>59,1,IF(G11<=59,0)))))) -> 5 | J11: =IF(H11>39,1,IF(H11>32,2,IF(H11>26,3,IF(H11>20,4,IF(H11<=20,5))))) -> 5 | K11: =AVERAGE(I11:J11) -> 5 | L11: =IFERROR(VLOOKUP(B11,'6-week2'!B:D,2,0),0) -> 283 | M11: =IFERROR(VLOOKUP(B11,'6-week2'!B:D,3,0),0) -> 24 | N11: =IF(L11>179,5,IF(L11>149,4,IF(L11>119,3,IF(L11>89,2,IF(L11>59,1,IF(L11<=59,0)))))) -> 5 | O11: =IF(M11>39,1,IF(M11>32,2,IF(M11>26,3,IF(M11>20,4,IF(M11<=20,5))))) -> 4 | P11: =AVERAGE(N11,O11) -> 4.5 | Q11: =IFERROR(VLOOKUP(B11,'6-week1'!B:F,5,0),0) -> 0
A12: فاطمه بهزادی | B12: =TRIM(A12) -> فاطمه بهزادی | C12: =VLOOKUP(B12,Company!B:E,3,0) -> تعاون | D12: =VLOOKUP(B12,Company!B:E,2,0) -> عصر | E12: {=IFERROR(INDEX('Team Leads'!$B:$D, MATCH(C12,'Team Leads'!$A:$A,0), MATCH(D12,'Team Leads'!$B$1:$D$1,0)), "")} -> علیرضا زمانیان | F12: =VLOOKUP(B12,'Operator Bugs'!A:P,16,0) -> 0 | G12: =IFERROR(VLOOKUP(B12,'6-week1'!B:D,2,0),0) -> 252 | H12: =IFERROR(VLOOKUP(B12,'6-week1'!B:D,3,0),"-") -> 20 | I12: =IF(G12>179,5,IF(G12>149,4,IF(G12>119,3,IF(G12>89,2,IF(G12>59,1,IF(G12<=59,0)))))) -> 5 | J12: =IF(H12>39,1,IF(H12>32,2,IF(H12>26,3,IF(H12>20,4,IF(H12<=20,5))))) -> 5 | K12: =AVERAGE(I12:J12) -> 5 | L12: =IFERROR(VLOOKUP(B12,'6-week2'!B:D,2,0),0) -> 171 | M12: =IFERROR(VLOOKUP(B12,'6-week2'!B:D,3,0),0) -> 17 | N12: =IF(L12>179,5,IF(L12>149,4,IF(L12>119,3,IF(L12>89,2,IF(L12>59,1,IF(L12<=59,0)))))) -> 4 | O12: =IF(M12>39,1,IF(M12>32,2,IF(M12>26,3,IF(M12>20,4,IF(M12<=20,5))))) -> 5 | P12: =AVERAGE(N12,O12) -> 4.5 | Q12: =IFERROR(VLOOKUP(B12,'6-week1'!B:F,5,0),0) -> 0
A13: محمد سعیدیان | B13: =TRIM(A13) -> محمد سعیدیان | C13: =VLOOKUP(B13,Company!B:E,3,0) -> ایران | D13: =VLOOKUP(B13,Company!B:E,2,0) -> عصر | E13: {=IFERROR(INDEX('Team Leads'!$B:$D, MATCH(C13,'Team Leads'!$A:$A,0), MATCH(D13,'Team Leads'!$B$1:$D$1,0)), "")} -> علیرضا زمانیان | F13: =VLOOKUP(B13,'Operator Bugs'!A:P,16,0) -> 0 | G13: =IFERROR(VLOOKUP(B13,'6-week1'!B:D,2,0),0) -> 239 | H13: =IFERROR(VLOOKUP(B13,'6-week1'!B:D,3,0),"-") -> 19 | I13: =IF(G13>179,5,IF(G13>149,4,IF(G13>119,3,IF(G13>89,2,IF(G13>59,1,IF(G13<=59,0)))))) -> 5 | J13: =IF(H13>39,1,IF(H13>32,2,IF(H13>26,3,IF(H13>20,4,IF(H13<=20,5))))) -> 5 | K13: =AVERAGE(I13:J13) -> 5 | L13: =IFERROR(VLOOKUP(B13,'6-week2'!B:D,2,0),0) -> 160 | M13: =IFERROR(VLOOKUP(B13,'6-week2'!B:D,3,0),0) -> 20 | N13: =IF(L13>179,5,IF(L13>149,4,IF(L13>119,3,IF(L13>89,2,IF(L13>59,1,IF(L13<=59,0)))))) -> 4 | O13: =IF(M13>39,1,IF(M13>32,2,IF(M13>26,3,IF(M13>20,4,IF(M13<=20,5))))) -> 5 | P13: =AVERAGE(N13,O13) -> 4.5 | Q13: =IFERROR(VLOOKUP(B13,'6-week1'!B:F,5,0),0) -> 0
A14: مرکز صدور خوش سیرت | نازنین به نظر | B14: =TRIM(A14) -> مرکز صدور خوش سیرت | نازنین به نظر | C14: =VLOOKUP(B14,Company!B:E,3,0) -> سنتر | D14: =VLOOKUP(B14,Company!B:E,2,0) -> صبح | E14: {=IFERROR(INDEX('Team Leads'!$B:$D, MATCH(C14,'Team Leads'!$A:$A,0), MATCH(D14,'Team Leads'!$B$1:$D$1,0)), "")} -> مریم ایزدی - شاهین شهریاری | F14: =VLOOKUP(B14,'Operator Bugs'!A:P,16,0) -> 0 | G14: =IFERROR(VLOOKUP(B14,'6-week1'!B:D,2,0),0) -> 200 | H14: =IFERROR(VLOOKUP(B14,'6-week1'!B:D,3,0),"-") -> 16 | I14: =IF(G14>179,5,IF(G14>149,4,IF(G14>119,3,IF(G14>89,2,IF(G14>59,1,IF(G14<=59,0)))))) -> 5 | J14: =IF(H14>39,1,IF(H14>32,2,IF(H14>26,3,IF(H14>20,4,IF(H14<=20,5))))) -> 5 | K14: =AVERAGE(I14:J14) -> 5 | L14: =IFERROR(VLOOKUP(B14,'6-week2'!B:D,2,0),0) -> 238 | M14: =IFERROR(VLOOKUP(B14,'6-week2'!B:D,3,0),0) -> 15 | N14: =IF(L14>179,5,IF(L14>149,4,IF(L14>119,3,IF(L14>89,2,IF(L14>59,1,IF(L14<=59,0)))))) -> 5 | O14: =IF(M14>39,1,IF(M14>32,2,IF(M14>26,3,IF(M14>20,4,IF(M14<=20,5))))) -> 5 | P14: =AVERAGE(N14,O14) -> 5 | Q14: =IFERROR(VLOOKUP(B14,'6-week1'!B:F,5,0),0) -> 0
... A76: هانیه همتی | B76: =TRIM(A76) -> هانیه همتی | C76: =VLOOKUP(B76,Company!B:E,3,0) -> تعاون | D76: =VLOOKUP(B76,Company!B:E,2,0) -> صبح | E76: {=IFERROR(INDEX('Team Leads'!$B:$D, MATCH(C76,'Team Leads'!$A:$A,0), MATCH(D76,'Team Leads'!$B$1:$D$1,0)), "")} -> مهدی فراهانی | F76: =VLOOKUP(B76,'Operator Bugs'!A:P,16,0) -> 0 | G76: =IFERROR(VLOOKUP(B76,'6-week1'!B:D,2,0),0) -> 138 | H76: =IFERROR(VLOOKUP(B76,'6-week1'!B:D,3,0),"-") -> 23 | I76: =IF(G76>179,5,IF(G76>149,4,IF(G76>119,3,IF(G76>89,2,IF(G76>59,1,IF(G76<=59,0)))))) -> 3 | J76: =IF(H76>39,1,IF(H76>32,2,IF(H76>26,3,IF(H76>20,4,IF(H76<=20,5))))) -> 4 | K76: =AVERAGE(I76:J76) -> 3.5 | L76: =IFERROR(VLOOKUP(B76,'6-week2'!B:D,2,0),0) -> 119 | M76: =IFERROR(VLOOKUP(B76,'6-week2'!B:D,3,0),0) -> 32 | N76: =IF(L76>179,5,IF(L76>149,4,IF(L76>119,3,IF(L76>89,2,IF(L76>59,1,IF(L76<=59,0)))))) -> 2 | O76: =IF(M76>39,1,IF(M76>32,2,IF(M76>26,3,IF(M76>20,4,IF(M76<=20,5))))) -> 3 | P76: =AVERAGE(N76,O76) -> 2.5 | Q76: =IFERROR(VLOOKUP(B76,'6-week1'!B:F,5,0),0) -> 0
B77: مرکز صدور شاه محمدی | شیوا شجاعی | C77: =VLOOKUP(B77,Company!B:E,3,0) -> سنتر | D77: =VLOOKUP(B77,Company!B:E,2,0) -> صبح | E77: {=IFERROR(INDEX('Team Leads'!$B:$D, MATCH(C77,'Team Leads'!$A:$A,0), MATCH(D77,'Team Leads'!$B$1:$D$1,0)), "")} -> مریم ایزدی - شاهین شهریاری | F77: =VLOOKUP(B77,'Operator Bugs'!A:P,16,0) -> 0 | G77: =IFERROR(VLOOKUP(B77,'6-week1'!B:D,2,0),0) -> 123 | H77: =IFERROR(VLOOKUP(B77,'6-week1'!B:D,3,0),"-") -> 24 | I77: =IF(G77>179,5,IF(G77>149,4,IF(G77>119,3,IF(G77>89,2,IF(G77>59,1,IF(G77<=59,0)))))) -> 3 | J77: =IF(H77>39,1,IF(H77>32,2,IF(H77>26,3,IF(H77>20,4,IF(H77<=20,5))))) -> 4 | K77: =AVERAGE(I77:J77) -> 3.5 | L77: =IFERROR(VLOOKUP(B77,'6-week2'!B:D,2,0),0) -> 93 | M77: =IFERROR(VLOOKUP(B77,'6-week2'!B:D,3,0),0) -> 24 | N77: =IF(L77>179,5,IF(L77>149,4,IF(L77>119,3,IF(L77>89,2,IF(L77>59,1,IF(L77<=59,0)))))) -> 2 | O77: =IF(M77>39,1,IF(M77>32,2,IF(M77>26,3,IF(M77>20,4,IF(M77<=20,5))))) -> 4 | P77: =AVERAGE(N77,O77) -> 3 | Q77: =IFERROR(VLOOKUP(B77,'6-week1'!B:F,5,0),0) -> 0
A78: آتنا محبی | B78: =TRIM(A78) -> آتنا محبی | C78: =VLOOKUP(B78,Company!B:E,3,0) -> ایران | D78: =VLOOKUP(B78,Company!B:E,2,0) -> عصر | E78: {=IFERROR(INDEX('Team Leads'!$B:$D, MATCH(C78,'Team Leads'!$A:$A,0), MATCH(D78,'Team Leads'!$B$1:$D$1,0)), "")} -> علیرضا زمانیان | F78: =VLOOKUP(B78,'Operator Bugs'!A:P,16,0) -> 0 | G78: =IFERROR(VLOOKUP(B78,'6-week1'!B:D,2,0),0) -> 147 | H78: =IFERROR(VLOOKUP(B78,'6-week1'!B:D,3,0),"-") -> 32 | I78: =IF(G78>179,5,IF(G78>149,4,IF(G78>119,3,IF(G78>89,2,IF(G78>59,1,IF(G78<=59,0)))))) -> 3 | J78: =IF(H78>39,1,IF(H78>32,2,IF(H78>26,3,IF(H78>20,4,IF(H78<=20,5))))) -> 3 | K78: =AVERAGE(I78:J78) -> 3 | L78: =IFERROR(VLOOKUP(B78,'6-week2'!B:D,2,0),0) -> 175 | M78: =IFERROR(VLOOKUP(B78,'6-week2'!B:D,3,0),0) -> 31 | N78: =IF(L78>179,5,IF(L78>149,4,IF(L78>119,3,IF(L78>89,2,IF(L78>59,1,IF(L78<=59,0)))))) -> 4 | O78: =IF(M78>39,1,IF(M78>32,2,IF(M78>26,3,IF(M78>20,4,IF(M78<=20,5))))) -> 3 | P78: =AVERAGE(N78,O78) -> 3.5 | Q78: =IFERROR(VLOOKUP(B78,'6-week1'!B:F,5,0),0) -> 0
A79: آرین بحیرایی | B79: =TRIM(A79) -> آرین بحیرایی | C79: =VLOOKUP(B79,Company!B:E,3,0) -> تعاون | D79: =VLOOKUP(B79,Company!B:E,2,0) -> صبح | E79: {=IFERROR(INDEX('Team Leads'!$B:$D, MATCH(C79,'Team Leads'!$A:$A,0), MATCH(D79,'Team Leads'!$B$1:$D$1,0)), "")} -> مهدی فراهانی | F79: =VLOOKUP(B79,'Operator Bugs'!A:P,16,0) -> 0 | G79: =IFERROR(VLOOKUP(B79,'6-week1'!B:D,2,0),0) -> 68 | H79: =IFERROR(VLOOKUP(B79,'6-week1'!B:D,3,0),"-") -> 18 | I79: =IF(G79>179,5,IF(G79>149,4,IF(G79>119,3,IF(G79>89,2,IF(G79>59,1,IF(G79<=59,0)))))) -> 1 | J79: =IF(H79>39,1,IF(H79>32,2,IF(H79>26,3,IF(H79>20,4,IF(H79<=20,5))))) -> 5 | K79: =AVERAGE(I79:J79) -> 3 | L79: =IFERROR(VLOOKUP(B79,'6-week2'!B:D,2,0),0) -> 10 | M79: =IFERROR(VLOOKUP(B79,'6-week2'!B:D,3,0),0) -> 15 | N79: =IF(L79>179,5,IF(L79>149,4,IF(L79>119,3,IF(L79>89,2,IF(L79>59,1,IF(L79<=59,0)))))) -> 0 | O79: =IF(M79>39,1,IF(M79>32,2,IF(M79>26,3,IF(M79>20,4,IF(M79<=20,5))))) -> 5 | P79: =AVERAGE(N79,O79) -> 2.5 | Q79: =IFERROR(VLOOKUP(B79,'6-week1'!B:F,5,0),0) -> 0
A80: آمنه رنجبری | B80: =TRIM(A80) -> آمنه رنجبری | C80: =VLOOKUP(B80,Company!B:E,3,0) -> ایران | D80: =VLOOKUP(B80,Company!B:E,2,0) -> عصر | E80: {=IFERROR(INDEX('Team Leads'!$B:$D, MATCH(C80,'Team Leads'!$A:$A,0), MATCH(D80,'Team Leads'!$B$1:$D$1,0)), "")} -> علیرضا زمانیان | F80: =VLOOKUP(B80,'Operator Bugs'!A:P,16,0) -> 0 | G80: =IFERROR(VLOOKUP(B80,'6-week1'!B:D,2,0),0) -> 92 | H80: =IFERROR(VLOOKUP(B80,'6-week1'!B:D,3,0),"-") -> 26 | I80: =IF(G80>179,5,IF(G80>149,4,IF(G80>119,3,IF(G80>89,2,IF(G80>59,1,IF(G80<=59,0)))))) -> 2 | J80: =IF(H80>39,1,IF(H80>32,2,IF(H80>26,3,IF(H80>20,4,IF(H80<=20,5))))) -> 4 | K80: =AVERAGE(I80:J80) -> 3 | L80: =IFERROR(VLOOKUP(B80,'6-week2'!B:D,2,0),0) -> 100 | M80: =IFERROR(VLOOKUP(B80,'6-week2'!B:D,3,0),0) -> 23 | N80: =IF(L80>179,5,IF(L80>149,4,IF(L80>119,3,IF(L80>89,2,IF(L80>59,1,IF(L80<=59,0)))))) -> 2 | O80: =IF(M80>39,1,IF(M80>32,2,IF(M80>26,3,IF(M80>20,4,IF(M80<=20,5))))) -> 4 | P80: =AVERAGE(N80,O80) -> 3 | Q80: =IFERROR(VLOOKUP(B80,'6-week1'!B:F,5,0),0) -> 0
A81: تینا مختاری | B81: =TRIM(A81) -> تینا مختاری | C81: =VLOOKUP(B81,Company!B:E,3,0) -> رازی | D81: =VLOOKUP(B81,Company!B:E,2,0) -> عصر | E81: {=IFERROR(INDEX('Team Leads'!$B:$D, MATCH(C81,'Team Leads'!$A:$A,0), MATCH(D81,'Team Leads'!$B$1:$D$1,0)), "")} -> امیررضا فلاح | F81: =VLOOKUP(B81,'Operator Bugs'!A:P,16,0) -> 0 | G81: =IFERROR(VLOOKUP(B81,'6-week1'!B:D,2,0),0) -> 191 | H81: =IFERROR(VLOOKUP(B81,'6-week1'!B:D,3,0),"-") -> 56 | I81: =IF(G81>179,5,IF(G81>149,4,IF(G81>119,3,IF(G81>89,2,IF(G81>59,1,IF(G81<=59,0)))))) -> 5 | J81: =IF(H81>39,1,IF(H81>32,2,IF(H81>26,3,IF(H81>20,4,IF(H81<=20,5))))) -> 1 | K81: =AVERAGE(I81:J81) -> 3 | L81: =IFERROR(VLOOKUP(B81,'6-week2'!B:D,2,0),0) -> 149 | M81: =IFERROR(VLOOKUP(B81,'6-week2'!B:D,3,0),0) -> 22 | N81: =IF(L81>179,5,IF(L81>149,4,IF(L81>119,3,IF(L81>89,2,IF(L81>59,1,IF(L81<=59,0)))))) -> 3 | O81: =IF(M81>39,1,IF(M81>32,2,IF(M81>26,3,IF(M81>20,4,IF(M81<=20,5))))) -> 4 | P81: =AVERAGE(N81,O81) -> 3.5 | Q81: =IFERROR(VLOOKUP(B81,'6-week1'!B:F,5,0),0) -> 0
A82: حسن خادمی | B82: =TRIM(A82) -> حسن خادمی | C82: =VLOOKUP(B82,Company!B:E,3,0) -> سینا | D82: =VLOOKUP(B82,Company!B:E,2,0) -> صبح | E82: {=IFERROR(INDEX('Team Leads'!$B:$D, MATCH(C82,'Team Leads'!$A:$A,0), MATCH(D82,'Team Leads'!$B$1:$D$1,0)), "")} -> فاطمه دهقانپور | F82: =VLOOKUP(B82,'Operator Bugs'!A:P,16,0) -> 0 | G82: =IFERROR(VLOOKUP(B82,'6-week1'!B:D,2,0),0) -> 118 | H82: =IFERROR(VLOOKUP(B82,'6-week1'!B:D,3,0),"-") -> 25 | I82: =IF(G82>179,5,IF(G82>149,4,IF(G82>119,3,IF(G82>89,2,IF(G82>59,1,IF(G82<=59,0)))))) -> 2 | J82: =IF(H82>39,1,IF(H82>32,2,IF(H82>26,3,IF(H82>20,4,IF(H82<=20,5))))) -> 4 | K82: =AVERAGE(I82:J82) -> 3 | L82: =IFERROR(VLOOKUP(B82,'6-week2'!B:D,2,0),0) -> 121 | M82: =IFERROR(VLOOKUP(B82,'6-week2'!B:D,3,0),0) -> 21 | N82: =IF(L82>179,5,IF(L82>149,4,IF(L82>119,3,IF(L82>89,2,IF(L82>59,1,IF(L82<=59,0)))))) -> 3 | O82: =IF(M82>39,1,IF(M82>32,2,IF(M82>26,3,IF(M82>20,4,IF(M82<=20,5))))) -> 4 | P82: =AVERAGE(N82,O82) -> 3.5 | Q82: =IFERROR(VLOOKUP(B82,'6-week1'!B:F,5,0),0) -> 0
A83: حسین بهزادی مقدم | B83: =TRIM(A83) -> حسین بهزادی مقدم | C83: =VLOOKUP(B83,Company!B:E,3,0) -> رازی | D83: =VLOOKUP(B83,Company!B:E,2,0) -> عصر | E83: {=IFERROR(INDEX('Team Leads'!$B:$D, MATCH(C83,'Team Leads'!$A:$A,0), MATCH(D83,'Team Leads'!$B$1:$D$1,0)), "")} -> امیررضا فلاح | F83: =VLOOKUP(B83,'Operator Bugs'!A:P,16,0) -> 0 | G83: =IFERROR(VLOOKUP(B83,'6-week1'!B:D,2,0),0) -> 69 | H83: =IFERROR(VLOOKUP(B83,'6-week1'!B:D,3,0),"-") -> 19 | I83: =IF(G83>179,5,IF(G83>149,4,IF(G83>119,3,IF(G83>89,2,IF(G83>59,1,IF(G83<=59,0)))))) -> 1 | J83: =IF(H83>39,1,IF(H83>32,2,IF(H83>26,3,IF(H83>20,4,IF(H83<=20,5))))) -> 5 | K83: =AVERAGE(I83:J83) -> 3 | L83: =IFERROR(VLOOKUP(B83,'6-week2'!B:D,2,0),0) -> 63 | M83: =IFERROR(VLOOKUP(B83,'6-week2'!B:D,3,0),0) -> 21 | N83: =IF(L83>179,5,IF(L83>149,4,IF(L83>119,3,IF(L83>89,2,IF(L83>59,1,IF(L83<=59,0)))))) -> 1 | O83: =IF(M83>39,1,IF(M83>32,2,IF(M83>26,3,IF(M83>20,4,IF(M83<=20,5))))) -> 4 | P83: =AVERAGE(N83,O83) -> 2.5 | Q83: =IFERROR(VLOOKUP(B83,'6-week1'!B:F,5,0),0) -> 0
A84: ریحانه کمالی | B84: =TRIM(A84) -> ریحانه کمالی | C84: =VLOOKUP(B84,Company!B:E,3,0) -> ایران | D84: =VLOOKUP(B84,Company!B:E,2,0) -> صبح | E84: {=IFERROR(INDEX('Team Leads'!$B:$D, MATCH(C84,'Team Leads'!$A:$A,0), MATCH(D84,'Team Leads'!$B$1:$D$1,0)), "")} -> مهدی فراهانی | F84: =VLOOKUP(B84,'Operator Bugs'!A:P,16,0) -> 0 | G84: =IFERROR(VLOOKUP(B84,'6-week1'!B:D,2,0),0) -> 97 | H84: =IFERROR(VLOOKUP(B84,'6-week1'!B:D,3,0),"-") -> 25 | I84: =IF(G84>179,5,IF(G84>149,4,IF(G84>119,3,IF(G84>89,2,IF(G84>59,1,IF(G84<=59,0)))))) -> 2 | J84: =IF(H84>39,1,IF(H84>32,2,IF(H84>26,3,IF(H84>20,4,IF(H84<=20,5))))) -> 4 | K84: =AVERAGE(I84:J84) -> 3 | L84: =IFERROR(VLOOKUP(B84,'6-week2'!B:D,2,0),0) -> 196 | M84: =IFERROR(VLOOKUP(B84,'6-week2'!B:D,3,0),0) -> 27 | N84: =IF(L84>179,5,IF(L84>149,4,IF(L84>119,3,IF(L84>89,2,IF(L84>59,1,IF(L84<=59,0)))))) -> 5 | O84: =IF(M84>39,1,IF(M84>32,2,IF(M84>26,3,IF(M84>20,4,IF(M84<=20,5))))) -> 3 | P84: =AVERAGE(N84,O84) -> 4 | Q84: =IFERROR(VLOOKUP(B84,'6-week1'!B:F,5,0),0) -> 0
A85: زهرا اسماعیلی | B85: =TRIM(A85) -> زهرا اسماعیلی | C85: =VLOOKUP(B85,Company!B:E,3,0) -> رازی | D85: =VLOOKUP(B85,Company!B:E,2,0) -> صبح | E85: {=IFERROR(INDEX('Team Leads'!$B:$D, MATCH(C85,'Team Leads'!$A:$A,0), MATCH(D85,'Team Leads'!$B$1:$D$1,0)), "")} -> آتنا مالمیر | F85: =VLOOKUP(B85,'Operator Bugs'!A:P,16,0) -> 0 | G85: =IFERROR(VLOOKUP(B85,'6-week1'!B:D,2,0),0) -> 137 | H85: =IFERROR(VLOOKUP(B85,'6-week1'!B:D,3,0),"-") -> 27 | I85: =IF(G85>179,5,IF(G85>149,4,IF(G85>119,3,IF(G85>89,2,IF(G85>59,1,IF(G85<=59,0)))))) -> 3 | J85: =IF(H85>39,1,IF(H85>32,2,IF(H85>26,3,IF(H85>20,4,IF(H85<=20,5))))) -> 3 | K85: =AVERAGE(I85:J85) -> 3 | L85: =IFERROR(VLOOKUP(B85,'6-week2'!B:D,2,0),0) -> 187 | M85: =IFERROR(VLOOKUP(B85,'6-week2'!B:D,3,0),0) -> 20 | N85: =IF(L85>179,5,IF(L85>149,4,IF(L85>119,3,IF(L85>89,2,IF(L85>59,1,IF(L85<=59,0)))))) -> 5 | O85: =IF(M85>39,1,IF(M85>32,2,IF(M85>26,3,IF(M85>20,4,IF(M85<=20,5))))) -> 5 | P85: =AVERAGE(N85,O85) -> 5 | Q85: =IFERROR(VLOOKUP(B85,'6-week1'!B:F,5,0),0) -> 0
A86: زهرا سبزیانی داویجانی | B86: =TRIM(A86) -> زهرا سبزیانی داویجانی | C86: =VLOOKUP(B86,Company!B:E,3,0) -> سینا | D86: =VLOOKUP(B86,Company!B:E,2,0) -> صبح | E86: {=IFERROR(INDEX('Team Leads'!$B:$D, MATCH(C86,'Team Leads'!$A:$A,0), MATCH(D86,'Team Leads'!$B$1:$D$1,0)), "")} -> فاطمه دهقانپور | F86: =VLOOKUP(B86,'Operator Bugs'!A:P,16,0) -> 0 | G86: =IFERROR(VLOOKUP(B86,'6-week1'!B:D,2,0),0) -> 186 | H86: =IFERROR(VLOOKUP(B86,'6-week1'!B:D,3,0),"-") -> 57 | I86: =IF(G86>179,5,IF(G86>149,4,IF(G86>119,3,IF(G86>89,2,IF(G86>59,1,IF(G86<=59,0)))))) -> 5 | J86: =IF(H86>39,1,IF(H86>32,2,IF(H86>26,3,IF(H86>20,4,IF(H86<=20,5))))) -> 1 | K86: =AVERAGE(I86:J86) -> 3 | L86: =IFERROR(VLOOKUP(B86,'6-week2'!B:D,2,0),0) -> 203 | M86: =IFERROR(VLOOKUP(B86,'6-week2'!B:D,3,0),0) -> 68 | N86: =IF(L86>179,5,IF(L86>149,4,IF(L86>119,3,IF(L86>89,2,IF(L86>59,1,IF(L86<=59,0)))))) -> 5 | O86: =IF(M86>39,1,IF(M86>32,2,IF(M86>26,3,IF(M86>20,4,IF(M86<=20,5))))) -> 1 | P86: =AVERAGE(N86,O86) -> 3 | Q86: =IFERROR(VLOOKUP(B86,'6-week1'!B:F,5,0),0) -> 0
A87: زهره ذبیحی | B87: =TRIM(A87) -> زهره ذبیحی | C87: =VLOOKUP(B87,Company!B:E,3,0) -> رازی | D87: =VLOOKUP(B87,Company!B:E,2,0) -> صبح | E87: {=IFERROR(INDEX('Team Leads'!$B:$D, MATCH(C87,'Team Leads'!$A:$A,0), MATCH(D87,'Team Leads'!$B$1:$D$1,0)), "")} -> آتنا مالمیر | F87: =VLOOKUP(B87,'Operator Bugs'!A:P,16,0) -> 0 | G87: =IFERROR(VLOOKUP(B87,'6-week1'!B:D,2,0),0) -> 65 | H87: =IFERROR(VLOOKUP(B87,'6-week1'!B:D,3,0),"-") -> 19 | I87: =IF(G87>179,5,IF(G87>149,4,IF(G87>119,3,IF(G87>89,2,IF(G87>59,1,IF(G87<=59,0)))))) -> 1 | J87: =IF(H87>39,1,IF(H87>32,2,IF(H87>26,3,IF(H87>20,4,IF(H87<=20,5))))) -> 5 | K87: =AVERAGE(I87:J87) -> 3 | L87: =IFERROR(VLOOKUP(B87,'6-week2'!B:D,2,0),0) -> 54 | M87: =IFERROR(VLOOKUP(B87,'6-week2'!B:D,3,0),0) -> 21 | N87: =IF(L87>179,5,IF(L87>149,4,IF(L87>119,3,IF(L87>89,2,IF(L87>59,1,IF(L87<=59,0)))))) -> 0 | O87: =IF(M87>39,1,IF(M87>32,2,IF(M87>26,3,IF(M87>20,4,IF(M87<=20,5))))) -> 4 | P87: =AVERAGE(N87,O87) -> 2 | Q87: =IFERROR(VLOOKUP(B87,'6-week1'!B:F,5,0),0) -> 0
A88: زیبا زارعی | B88: =TRIM(A88) -> زیبا زارعی | C88: =VLOOKUP(B88,Company!B:E,3,0) -> تعاون | D88: =VLOOKUP(B88,Company!B:E,2,0) -> عصر | E88: {=IFERROR(INDEX('Team Leads'!$B:$D, MATCH(C88,'Team Leads'!$A:$A,0), MATCH(D88,'Team Leads'!$B$1:$D$1,0)), "")} -> علیرضا زمانیان | F88: =VLOOKUP(B88,'Operator Bugs'!A:P,16,0) -> 0 | G88: =IFERROR(VLOOKUP(B88,'6-week1'!B:D,2,0),0) -> 138 | H88: =IFERROR(VLOOKUP(B88,'6-week1'!B:D,3,0),"-") -> 28 | I88: =IF(G88>179,5,IF(G88>149,4,IF(G88>119,3,IF(G88>89,2,IF(G88>59,1,IF(G88<=59,0)))))) -> 3 | J88: =IF(H88>39,1,IF(H88>32,2,IF(H88>26,3,IF(H88>20,4,IF(H88<=20,5))))) -> 3 | K88: =AVERAGE(I88:J88) -> 3 | L88: =IFERROR(VLOOKUP(B88,'6-week2'!B:D,2,0),0) -> 157 | M88: =IFERROR(VLOOKUP(B88,'6-week2'!B:D,3,0),0) -> 25 | N88: =IF(L88>179,5,IF(L88>149,4,IF(L88>119,3,IF(L88>89,2,IF(L88>59,1,IF(L88<=59,0)))))) -> 4 | O88: =IF(M88>39,1,IF(M88>32,2,IF(M88>26,3,IF(M88>20,4,IF(M88<=20,5))))) -> 4 | P88: =AVERAGE(N88,O88) -> 4 | Q88: =IFERROR(VLOOKUP(B88,'6-week1'!B:F,5,0),0) -> 0
A89: سهراب ایروانی | B89: =TRIM(A89) -> سهراب ایروانی | C89: =VLOOKUP(B89,Company!B:E,3,0) -> تعاون | D89: =VLOOKUP(B89,Company!B:E,2,0) -> عصر | E89: {=IFERROR(INDEX('Team Leads'!$B:$D, MATCH(C89,'Team Leads'!$A:$A,0), MATCH(D89,'Team Leads'!$B$1:$D$1,0)), "")} -> علیرضا زمانیان | F89: =VLOOKUP(B89,'Operator Bugs'!A:P,16,0) -> 0 | G89: =IFERROR(VLOOKUP(B89,'6-week1'!B:D,2,0),0) -> 166 | H89: =IFERROR(VLOOKUP(B89,'6-week1'!B:D,3,0),"-") -> 38 | I89: =IF(G89>179,5,IF(G89>149,4,IF(G89>119,3,IF(G89>89,2,IF(G89>59,1,IF(G89<=59,0)))))) -> 4 | J89: =IF(H89>39,1,IF(H89>32,2,IF(H89>26,3,IF(H89>20,4,IF(H89<=20,5))))) -> 2 | K89: =AVERAGE(I89:J89) -> 3 | L89: =IFERROR(VLOOKUP(B89,'6-week2'!B:D,2,0),0) -> 213 | M89: =IFERROR(VLOOKUP(B89,'6-week2'!B:D,3,0),0) -> 17 | N89: =IF(L89>179,5,IF(L89>149,4,IF(L89>119,3,IF(L89>89,2,IF(L89>59,1,IF(L89<=59,0)))))) -> 5 | O89: =IF(M89>39,1,IF(M89>32,2,IF(M89>26,3,IF(M89>20,4,IF(M89<=20,5))))) -> 5 | P89: =AVERAGE(N89,O89) -> 5 | Q89: =IFERROR(VLOOKUP(B89,'6-week1'!B:F,5,0),0) -> 0
... A132: یلدا نعمتی | B132: =TRIM(A132) -> یلدا نعمتی | C132: =VLOOKUP(B132,Company!B:E,3,0) -> سینا | D132: =VLOOKUP(B132,Company!B:E,2,0) -> صبح | E132: {=IFERROR(INDEX('Team Leads'!$B:$D, MATCH(C132,'Team Leads'!$A:$A,0), MATCH(D132,'Team Leads'!$B$1:$D$1,0)), "")} -> فاطمه دهقانپور | F132: =VLOOKUP(B132,'Operator Bugs'!A:P,16,0) -> 0 | G132: =IFERROR(VLOOKUP(B132,'6-week1'!B:D,2,0),0) -> 146 | H132: =IFERROR(VLOOKUP(B132,'6-week1'!B:D,3,0),"-") -> 35 | I132: =IF(G132>179,5,IF(G132>149,4,IF(G132>119,3,IF(G132>89,2,IF(G132>59,1,IF(G132<=59,0)))))) -> 3 | J132: =IF(H132>39,1,IF(H132>32,2,IF(H132>26,3,IF(H132>20,4,IF(H132<=20,5))))) -> 2 | K132: =AVERAGE(I132:J132) -> 2.5 | L132: =IFERROR(VLOOKUP(B132,'6-week2'!B:D,2,0),0) -> 175 | M132: =IFERROR(VLOOKUP(B132,'6-week2'!B:D,3,0),0) -> 36 | N132: =IF(L132>179,5,IF(L132>149,4,IF(L132>119,3,IF(L132>89,2,IF(L132>59,1,IF(L132<=59,0)))))) -> 4 | O132: =IF(M132>39,1,IF(M132>32,2,IF(M132>26,3,IF(M132>20,4,IF(M132<=20,5))))) -> 2 | P132: =AVERAGE(N132,O132) -> 3 | Q132: =IFERROR(VLOOKUP(B132,'6-week1'!B:F,5,0),0) -> 0
B133: مرکز صدور رضوانی | امیرحسین صابر | C133: =VLOOKUP(B133,Company!B:E,3,0) -> سنتر | D133: =VLOOKUP(B133,Company!B:E,2,0) -> صبح | E133: {=IFERROR(INDEX('Team Leads'!$B:$D, MATCH(C133,'Team Leads'!$A:$A,0), MATCH(D133,'Team Leads'!$B$1:$D$1,0)), "")} -> مریم ایزدی - شاهین شهریاری | F133: =VLOOKUP(B133,'Operator Bugs'!A:P,16,0) -> 0 | G133: =IFERROR(VLOOKUP(B133,'6-week1'!B:D,2,0),0) -> 85 | H133: =IFERROR(VLOOKUP(B133,'6-week1'!B:D,3,0),"-") -> 23 | I133: =IF(G133>179,5,IF(G133>149,4,IF(G133>119,3,IF(G133>89,2,IF(G133>59,1,IF(G133<=59,0)))))) -> 1 | J133: =IF(H133>39,1,IF(H133>32,2,IF(H133>26,3,IF(H133>20,4,IF(H133<=20,5))))) -> 4 | K133: =AVERAGE(I133:J133) -> 2.5 | L133: =IFERROR(VLOOKUP(B133,'6-week2'!B:D,2,0),0) -> 117 | M133: =IFERROR(VLOOKUP(B133,'6-week2'!B:D,3,0),0) -> 22 | N133: =IF(L133>179,5,IF(L133>149,4,IF(L133>119,3,IF(L133>89,2,IF(L133>59,1,IF(L133<=59,0)))))) -> 2 | O133: =IF(M133>39,1,IF(M133>32,2,IF(M133>26,3,IF(M133>20,4,IF(M133<=20,5))))) -> 4 | P133: =AVERAGE(N133,O133) -> 3 | Q133: =IFERROR(VLOOKUP(B133,'6-week1'!B:F,5,0),0) -> 0
A134: آروین کیخسروی | B134: =TRIM(A134) -> آروین کیخسروی | C134: =VLOOKUP(B134,Company!B:E,3,0) -> رازی | D134: =VLOOKUP(B134,Company!B:E,2,0) -> صبح | E134: {=IFERROR(INDEX('Team Leads'!$B:$D, MATCH(C134,'Team Leads'!$A:$A,0), MATCH(D134,'Team Leads'!$B$1:$D$1,0)), "")} -> آتنا مالمیر | F134: =VLOOKUP(B134,'Operator Bugs'!A:P,16,0) -> 0 | G134: =IFERROR(VLOOKUP(B134,'6-week1'!B:D,2,0),0) -> 54 | H134: =IFERROR(VLOOKUP(B134,'6-week1'!B:D,3,0),"-") -> 25 | I134: =IF(G134>179,5,IF(G134>149,4,IF(G134>119,3,IF(G134>89,2,IF(G134>59,1,IF(G134<=59,0)))))) -> 0 | J134: =IF(H134>39,1,IF(H134>32,2,IF(H134>26,3,IF(H134>20,4,IF(H134<=20,5))))) -> 4 | K134: =AVERAGE(I134:J134) -> 2 | L134: =IFERROR(VLOOKUP(B134,'6-week2'!B:D,2,0),0) -> 97 | M134: =IFERROR(VLOOKUP(B134,'6-week2'!B:D,3,0),0) -> 24 | N134: =IF(L134>179,5,IF(L134>149,4,IF(L134>119,3,IF(L134>89,2,IF(L134>59,1,IF(L134<=59,0)))))) -> 2 | O134: =IF(M134>39,1,IF(M134>32,2,IF(M134>26,3,IF(M134>20,4,IF(M134<=20,5))))) -> 4 | P134: =AVERAGE(N134,O134) -> 3 | Q134: =IFERROR(VLOOKUP(B134,'6-week1'!B:F,5,0),0) -> 0
A135: آزاده محبی | B135: =TRIM(A135) -> آزاده محبی | C135: =VLOOKUP(B135,Company!B:E,3,0) -> ایران | D135: =VLOOKUP(B135,Company!B:E,2,0) -> عصر | E135: {=IFERROR(INDEX('Team Leads'!$B:$D, MATCH(C135,'Team Leads'!$A:$A,0), MATCH(D135,'Team Leads'!$B$1:$D$1,0)), "")} -> علیرضا زمانیان | F135: =VLOOKUP(B135,'Operator Bugs'!A:P,16,0) -> 0 | G135: =IFERROR(VLOOKUP(B135,'6-week1'!B:D,2,0),0) -> 77 | H135: =IFERROR(VLOOKUP(B135,'6-week1'!B:D,3,0),"-") -> 30 | I135: =IF(G135>179,5,IF(G135>149,4,IF(G135>119,3,IF(G135>89,2,IF(G135>59,1,IF(G135<=59,0)))))) -> 1 | J135: =IF(H135>39,1,IF(H135>32,2,IF(H135>26,3,IF(H135>20,4,IF(H135<=20,5))))) -> 3 | K135: =AVERAGE(I135:J135) -> 2 | L135: =IFERROR(VLOOKUP(B135,'6-week2'!B:D,2,0),0) -> 136 | M135: =IFERROR(VLOOKUP(B135,'6-week2'!B:D,3,0),0) -> 31 | N135: =IF(L135>179,5,IF(L135>149,4,IF(L135>119,3,IF(L135>89,2,IF(L135>59,1,IF(L135<=59,0)))))) -> 3 | O135: =IF(M135>39,1,IF(M135>32,2,IF(M135>26,3,IF(M135>20,4,IF(M135<=20,5))))) -> 3 | P135: =AVERAGE(N135,O135) -> 3 | Q135: =IFERROR(VLOOKUP(B135,'6-week1'!B:F,5,0),0) -> 0
A136: الهه دریکوند | B136: =TRIM(A136) -> الهه دریکوند | C136: =VLOOKUP(B136,Company!B:E,3,0) -> ایران | D136: =VLOOKUP(B136,Company!B:E,2,0) -> عصر | E136: {=IFERROR(INDEX('Team Leads'!$B:$D, MATCH(C136,'Team Leads'!$A:$A,0), MATCH(D136,'Team Leads'!$B$1:$D$1,0)), "")} -> علیرضا زمانیان | F136: =VLOOKUP(B136,'Operator Bugs'!A:P,16,0) -> 0 | G136: =IFERROR(VLOOKUP(B136,'6-week1'!B:D,2,0),0) -> 83 | H136: =IFERROR(VLOOKUP(B136,'6-week1'!B:D,3,0),"-") -> 29 | I136: =IF(G136>179,5,IF(G136>149,4,IF(G136>119,3,IF(G136>89,2,IF(G136>59,1,IF(G136<=59,0)))))) -> 1 | J136: =IF(H136>39,1,IF(H136>32,2,IF(H136>26,3,IF(H136>20,4,IF(H136<=20,5))))) -> 3 | K136: =AVERAGE(I136:J136) -> 2 | L136: =IFERROR(VLOOKUP(B136,'6-week2'!B:D,2,0),0) -> 91 | M136: =IFERROR(VLOOKUP(B136,'6-week2'!B:D,3,0),0) -> 30 | N136: =IF(L136>179,5,IF(L136>149,4,IF(L136>119,3,IF(L136>89,2,IF(L136>59,1,IF(L136<=59,0)))))) -> 2 | O136: =IF(M136>39,1,IF(M136>32,2,IF(M136>26,3,IF(M136>20,4,IF(M136<=20,5))))) -> 3 | P136: =AVERAGE(N136,O136) -> 2.5 | Q136: =IFERROR(VLOOKUP(B136,'6-week1'!B:F,5,0),0) -> 0
A137: امیر حسین گل محمدی | B137: =TRIM(A137) -> امیر حسین گل محمدی | C137: =VLOOKUP(B137,Company!B:E,3,0) -> ایران | D137: =VLOOKUP(B137,Company!B:E,2,0) -> صبح | E137: {=IFERROR(INDEX('Team Leads'!$B:$D, MATCH(C137,'Team Leads'!$A:$A,0), MATCH(D137,'Team Leads'!$B$1:$D$1,0)), "")} -> مهدی فراهانی | F137: =VLOOKUP(B137,'Operator Bugs'!A:P,16,0) -> 0 | G137: =IFERROR(VLOOKUP(B137,'6-week1'!B:D,2,0),0) -> 77 | H137: =IFERROR(VLOOKUP(B137,'6-week1'!B:D,3,0),"-") -> 27 | I137: =IF(G137>179,5,IF(G137>149,4,IF(G137>119,3,IF(G137>89,2,IF(G137>59,1,IF(G137<=59,0)))))) -> 1 | J137: =IF(H137>39,1,IF(H137>32,2,IF(H137>26,3,IF(H137>20,4,IF(H137<=20,5))))) -> 3 | K137: =AVERAGE(I137:J137) -> 2 | L137: =IFERROR(VLOOKUP(B137,'6-week2'!B:D,2,0),0) -> 75 | M137: =IFERROR(VLOOKUP(B137,'6-week2'!B:D,3,0),0) -> 23 | N137: =IF(L137>179,5,IF(L137>149,4,IF(L137>119,3,IF(L137>89,2,IF(L137>59,1,IF(L137<=59,0)))))) -> 1 | O137: =IF(M137>39,1,IF(M137>32,2,IF(M137>26,3,IF(M137>20,4,IF(M137<=20,5))))) -> 4 | P137: =AVERAGE(N137,O137) -> 2.5 | Q137: =IFERROR(VLOOKUP(B137,'6-week1'!B:F,5,0),0) -> 0
A138: امیر قربانی | B138: =TRIM(A138) -> امیر قربانی | C138: =VLOOKUP(B138,Company!B:E,3,0) -> رازی | D138: =VLOOKUP(B138,Company!B:E,2,0) -> عصر | E138: {=IFERROR(INDEX('Team Leads'!$B:$D, MATCH(C138,'Team Leads'!$A:$A,0), MATCH(D138,'Team Leads'!$B$1:$D$1,0)), "")} -> امیررضا فلاح | F138: =VLOOKUP(B138,'Operator Bugs'!A:P,16,0) -> 0 | G138: =IFERROR(VLOOKUP(B138,'6-week1'!B:D,2,0),0) -> 59 | H138: =IFERROR(VLOOKUP(B138,'6-week1'!B:D,3,0),"-") -> 24 | I138: =IF(G138>179,5,IF(G138>149,4,IF(G138>119,3,IF(G138>89,2,IF(G138>59,1,IF(G138<=59,0)))))) -> 0 | J138: =IF(H138>39,1,IF(H138>32,2,IF(H138>26,3,IF(H138>20,4,IF(H138<=20,5))))) -> 4 | K138: =AVERAGE(I138:J138) -> 2 | L138: =IFERROR(VLOOKUP(B138,'6-week2'!B:D,2,0),0) -> 64 | M138: =IFERROR(VLOOKUP(B138,'6-week2'!B:D,3,0),0) -> 23 | N138: =IF(L138>179,5,IF(L138>149,4,IF(L138>119,3,IF(L138>89,2,IF(L138>59,1,IF(L138<=59,0)))))) -> 1 | O138: =IF(M138>39,1,IF(M138>32,2,IF(M138>26,3,IF(M138>20,4,IF(M138<=20,5))))) -> 4 | P138: =AVERAGE(N138,O138) -> 2.5 | Q138: =IFERROR(VLOOKUP(B138,'6-week1'!B:F,5,0),0) -> 0
A139: امیرحسین کاروند | B139: =TRIM(A139) -> امیرحسین کاروند | C139: =VLOOKUP(B139,Company!B:E,3,0) -> تعاون | D139: =VLOOKUP(B139,Company!B:E,2,0) -> عصر | E139: {=IFERROR(INDEX('Team Leads'!$B:$D, MATCH(C139,'Team Leads'!$A:$A,0), MATCH(D139,'Team Leads'!$B$1:$D$1,0)), "")} -> علیرضا زمانیان | F139: =VLOOKUP(B139,'Operator Bugs'!A:P,16,0) -> 0 | G139: =IFERROR(VLOOKUP(B139,'6-week1'!B:D,2,0),0) -> 46 | H139: =IFERROR(VLOOKUP(B139,'6-week1'!B:D,3,0),"-") -> 25 | I139: =IF(G139>179,5,IF(G139>149,4,IF(G139>119,3,IF(G139>89,2,IF(G139>59,1,IF(G139<=59,0)))))) -> 0 | J139: =IF(H139>39,1,IF(H139>32,2,IF(H139>26,3,IF(H139>20,4,IF(H139<=20,5))))) -> 4 | K139: =AVERAGE(I139:J139) -> 2 | L139: =IFERROR(VLOOKUP(B139,'6-week2'!B:D,2,0),0) -> 0 | M139: =IFERROR(VLOOKUP(B139,'6-week2'!B:D,3,0),0) -> 0 | N139: =IF(L139>179,5,IF(L139>149,4,IF(L139>119,3,IF(L139>89,2,IF(L139>59,1,IF(L139<=59,0)))))) -> 0 | O139: =IF(M139>39,1,IF(M139>32,2,IF(M139>26,3,IF(M139>20,4,IF(M139<=20,5))))) -> 5 | P139: =AVERAGE(N139,O139) -> 2.5 | Q139: =IFERROR(VLOOKUP(B139,'6-week1'!B:F,5,0),0) -> 0
A140: امیرمحمد بادکوبه | B140: =TRIM(A140) -> امیرمحمد بادکوبه | C140: =VLOOKUP(B140,Company!B:E,3,0) -> سینا | D140: =VLOOKUP(B140,Company!B:E,2,0) -> صبح | E140: {=IFERROR(INDEX('Team Leads'!$B:$D, MATCH(C140,'Team Leads'!$A:$A,0), MATCH(D140,'Team Leads'!$B$1:$D$1,0)), "")} -> فاطمه دهقانپور | F140: =VLOOKUP(B140,'Operator Bugs'!A:P,16,0) -> 0 | G140: =IFERROR(VLOOKUP(B140,'6-week1'!B:D,2,0),0) -> 61 | H140: =IFERROR(VLOOKUP(B140,'6-week1'!B:D,3,0),"-") -> 32 | I140: =IF(G140>179,5,IF(G140>149,4,IF(G140>119,3,IF(G140>89,2,IF(G140>59,1,IF(G140<=59,0)))))) -> 1 | J140: =IF(H140>39,1,IF(H140>32,2,IF(H140>26,3,IF(H140>20,4,IF(H140<=20,5))))) -> 3 | K140: =AVERAGE(I140:J140) -> 2 | L140: =IFERROR(VLOOKUP(B140,'6-week2'!B:D,2,0),0) -> 106 | M140: =IFERROR(VLOOKUP(B140,'6-week2'!B:D,3,0),0) -> 26 | N140: =IF(L140>179,5,IF(L140>149,4,IF(L140>119,3,IF(L140>89,2,IF(L140>59,1,IF(L140<=59,0)))))) -> 2 | O140: =IF(M140>39,1,IF(M140>32,2,IF(M140>26,3,IF(M140>20,4,IF(M140<=20,5))))) -> 4 | P140: =AVERAGE(N140,O140) -> 3 | Q140: =IFERROR(VLOOKUP(B140,'6-week1'!B:F,5,0),0) -> 0
A141: حمید قربانی | B141: =TRIM(A141) -> حمید قربانی | C141: =VLOOKUP(B141,Company!B:E,3,0) -> سینا | D141: =VLOOKUP(B141,Company!B:E,2,0) -> عصر | E141: {=IFERROR(INDEX('Team Leads'!$B:$D, MATCH(C141,'Team Leads'!$A:$A,0), MATCH(D141,'Team Leads'!$B$1:$D$1,0)), "")} -> مهدی ایازی | F141: =VLOOKUP(B141,'Operator Bugs'!A:P,16,0) -> 0 | G141: =IFERROR(VLOOKUP(B141,'6-week1'!B:D,2,0),0) -> 42 | H141: =IFERROR(VLOOKUP(B141,'6-week1'!B:D,3,0),"-") -> 22 | I141: =IF(G141>179,5,IF(G141>149,4,IF(G141>119,3,IF(G141>89,2,IF(G141>59,1,IF(G141<=59,0)))))) -> 0 | J141: =IF(H141>39,1,IF(H141>32,2,IF(H141>26,3,IF(H141>20,4,IF(H141<=20,5))))) -> 4 | K141: =AVERAGE(I141:J141) -> 2 | L141: =IFERROR(VLOOKUP(B141,'6-week2'!B:D,2,0),0) -> 39 | M141: =IFERROR(VLOOKUP(B141,'6-week2'!B:D,3,0),0) -> 32 | N141: =IF(L141>179,5,IF(L141>149,4,IF(L141>119,3,IF(L141>89,2,IF(L141>59,1,IF(L141<=59,0)))))) -> 0 | O141: =IF(M141>39,1,IF(M141>32,2,IF(M141>26,3,IF(M141>20,4,IF(M141<=20,5))))) -> 3 | P141: =AVERAGE(N141,O141) -> 1.5 | Q141: =IFERROR(VLOOKUP(B141,'6-week1'!B:F,5,0),0) -> 0
A142: حنانه خیرالهی | B142: =TRIM(A142) -> حنانه خیرالهی | C142: =VLOOKUP(B142,Company!B:E,3,0) -> سینا | D142: =VLOOKUP(B142,Company!B:E,2,0) -> صبح | E142: {=IFERROR(INDEX('Team Leads'!$B:$D, MATCH(C142,'Team Leads'!$A:$A,0), MATCH(D142,'Team Leads'!$B$1:$D$1,0)), "")} -> فاطمه دهقانپور | F142: =VLOOKUP(B142,'Operator Bugs'!A:P,16,0) -> 0 | G142: =IFERROR(VLOOKUP(B142,'6-week1'!B:D,2,0),0) -> 28 | H142: =IFERROR(VLOOKUP(B142,'6-week1'!B:D,3,0),"-") -> 22 | I142: =IF(G142>179,5,IF(G142>149,4,IF(G142>119,3,IF(G142>89,2,IF(G142>59,1,IF(G142<=59,0)))))) -> 0 | J142: =IF(H142>39,1,IF(H142>32,2,IF(H142>26,3,IF(H142>20,4,IF(H142<=20,5))))) -> 4 | K142: =AVERAGE(I142:J142) -> 2 | L142: =IFERROR(VLOOKUP(B142,'6-week2'!B:D,2,0),0) -> 0 | M142: =IFERROR(VLOOKUP(B142,'6-week2'!B:D,3,0),0) -> 0 | N142: =IF(L142>179,5,IF(L142>149,4,IF(L142>119,3,IF(L142>89,2,IF(L142>59,1,IF(L142<=59,0)))))) -> 0 | O142: =IF(M142>39,1,IF(M142>32,2,IF(M142>26,3,IF(M142>20,4,IF(M142<=20,5))))) -> 5 | P142: =AVERAGE(N142,O142) -> 2.5 | Q142: =IFERROR(VLOOKUP(B142,'6-week1'!B:F,5,0),0) -> 0
A143: رویا نادرالوارس | B143: =TRIM(A143) -> رویا نادرالوارس | C143: =VLOOKUP(B143,Company!B:E,3,0) -> رازی | D143: =VLOOKUP(B143,Company!B:E,2,0) -> عصر | E143: {=IFERROR(INDEX('Team Leads'!$B:$D, MATCH(C143,'Team Leads'!$A:$A,0), MATCH(D143,'Team Leads'!$B$1:$D$1,0)), "")} -> امیررضا فلاح | F143: =VLOOKUP(B143,'Operator Bugs'!A:P,16,0) -> 0 | G143: =IFERROR(VLOOKUP(B143,'6-week1'!B:D,2,0),0) -> 69 | H143: =IFERROR(VLOOKUP(B143,'6-week1'!B:D,3,0),"-") -> 29 | I143: =IF(G143>179,5,IF(G143>149,4,IF(G143>119,3,IF(G143>89,2,IF(G143>59,1,IF(G143<=59,0)))))) -> 1 | J143: =IF(H143>39,1,IF(H143>32,2,IF(H143>26,3,IF(H143>20,4,IF(H143<=20,5))))) -> 3 | K143: =AVERAGE(I143:J143) -> 2 | L143: =IFERROR(VLOOKUP(B143,'6-week2'!B:D,2,0),0) -> 98 | M143: =IFERROR(VLOOKUP(B143,'6-week2'!B:D,3,0),0) -> 25 | N143: =IF(L143>179,5,IF(L143>149,4,IF(L143>119,3,IF(L143>89,2,IF(L143>59,1,IF(L143<=59,0)))))) -> 2 | O143: =IF(M143>39,1,IF(M143>32,2,IF(M143>26,3,IF(M143>20,4,IF(M143<=20,5))))) -> 4 | P143: =AVERAGE(N143,O143) -> 3 | Q143: =IFERROR(VLOOKUP(B143,'6-week1'!B:F,5,0),0) -> 0
A144: زهره صفری | B144: =TRIM(A144) -> زهره صفری | C144: =VLOOKUP(B144,Company!B:E,3,0) -> سینا | D144: =VLOOKUP(B144,Company!B:E,2,0) -> صبح | E144: {=IFERROR(INDEX('Team Leads'!$B:$D, MATCH(C144,'Team Leads'!$A:$A,0), MATCH(D144,'Team Leads'!$B$1:$D$1,0)), "")} -> فاطمه دهقانپور | F144: =VLOOKUP(B144,'Operator Bugs'!A:P,16,0) -> 0 | G144: =IFERROR(VLOOKUP(B144,'6-week1'!B:D,2,0),0) -> 99 | H144: =IFERROR(VLOOKUP(B144,'6-week1'!B:D,3,0),"-") -> 35 | I144: =IF(G144>179,5,IF(G144>149,4,IF(G144>119,3,IF(G144>89,2,IF(G144>59,1,IF(G144<=59,0)))))) -> 2 | J144: =IF(H144>39,1,IF(H144>32,2,IF(H144>26,3,IF(H144>20,4,IF(H144<=20,5))))) -> 2 | K144: =AVERAGE(I144:J144) -> 2 | L144: =IFERROR(VLOOKUP(B144,'6-week2'!B:D,2,0),0) -> 153 | M144: =IFERROR(VLOOKUP(B144,'6-week2'!B:D,3,0),0) -> 39 | N144: =IF(L144>179,5,IF(L144>149,4,IF(L144>119,3,IF(L144>89,2,IF(L144>59,1,IF(L144<=59,0)))))) -> 4 | O144: =IF(M144>39,1,IF(M144>32,2,IF(M144>26,3,IF(M144>20,4,IF(M144<=20,5))))) -> 2 | P144: =AVERAGE(N144,O144) -> 3 | Q144: =IFERROR(VLOOKUP(B144,'6-week1'!B:F,5,0),0) -> 0
A145: سارا غفاری | B145: =TRIM(A145) -> سارا غفاری | C145: =VLOOKUP(B145,Company!B:E,3,0) -> تعاون | D145: =VLOOKUP(B145,Company!B:E,2,0) -> عصر | E145: {=IFERROR(INDEX('Team Leads'!$B:$D, MATCH(C145,'Team Leads'!$A:$A,0), MATCH(D145,'Team Leads'!$B$1:$D$1,0)), "")} -> علیرضا زمانیان | F145: =VLOOKUP(B145,'Operator Bugs'!A:P,16,0) -> 0 | G145: =IFERROR(VLOOKUP(B145,'6-week1'!B:D,2,0),0) -> 89 | H145: =IFERROR(VLOOKUP(B145,'6-week1'!B:D,3,0),"-") -> 31 | I145: =IF(G145>179,5,IF(G145>149,4,IF(G145>119,3,IF(G145>89,2,IF(G145>59,1,IF(G145<=59,0)))))) -> 1 | J145: =IF(H145>39,1,IF(H145>32,2,IF(H145>26,3,IF(H145>20,4,IF(H145<=20,5))))) -> 3 | K145: =AVERAGE(I145:J145) -> 2 | L145: =IFERROR(VLOOKUP(B145,'6-week2'!B:D,2,0),0) -> 163 | M145: =IFERROR(VLOOKUP(B145,'6-week2'!B:D,3,0),0) -> 49 | N145: =IF(L145>179,5,IF(L145>149,4,IF(L145>119,3,IF(L145>89,2,IF(L145>59,1,IF(L145<=59,0)))))) -> 4 | O145: =IF(M145>39,1,IF(M145>32,2,IF(M145>26,3,IF(M145>20,4,IF(M145<=20,5))))) -> 1 | P145: =AVERAGE(N145,O145) -> 2.5 | Q145: =IFERROR(VLOOKUP(B145,'6-week1'!B:F,5,0),0) -> 0
... A170: یاسین صحرایی | B170: =TRIM(A170) -> یاسین صحرایی | C170: =VLOOKUP(B170,Company!B:E,3,0) -> رازی | D170: =VLOOKUP(B170,Company!B:E,2,0) -> صبح | E170: {=IFERROR(INDEX('Team Leads'!$B:$D, MATCH(C170,'Team Leads'!$A:$A,0), MATCH(D170,'Team Leads'!$B$1:$D$1,0)), "")} -> آتنا مالمیر | F170: =VLOOKUP(B170,'Operator Bugs'!A:P,16,0) -> 0 | G170: =IFERROR(VLOOKUP(B170,'6-week1'!B:D,2,0),0) -> 60 | H170: =IFERROR(VLOOKUP(B170,'6-week1'!B:D,3,0),"-") -> 31 | I170: =IF(G170>179,5,IF(G170>149,4,IF(G170>119,3,IF(G170>89,2,IF(G170>59,1,IF(G170<=59,0)))))) -> 1 | J170: =IF(H170>39,1,IF(H170>32,2,IF(H170>26,3,IF(H170>20,4,IF(H170<=20,5))))) -> 3 | K170: =AVERAGE(I170:J170) -> 2 | L170: =IFERROR(VLOOKUP(B170,'6-week2'!B:D,2,0),0) -> 193 | M170: =IFERROR(VLOOKUP(B170,'6-week2'!B:D,3,0),0) -> 19 | N170: =IF(L170>179,5,IF(L170>149,4,IF(L170>119,3,IF(L170>89,2,IF(L170>59,1,IF(L170<=59,0)))))) -> 5 | O170: =IF(M170>39,1,IF(M170>32,2,IF(M170>26,3,IF(M170>20,4,IF(M170<=20,5))))) -> 5 | P170: =AVERAGE(N170,O170) -> 5 | Q170: =IFERROR(VLOOKUP(B170,'6-week1'!B:F,5,0),0) -> 0
B171: مرکز صدور خوش سیرت | فاطمه خوش سیرت | C171: =VLOOKUP(B171,Company!B:E,3,0) -> سنتر | D171: =VLOOKUP(B171,Company!B:E,2,0) -> صبح | E171: {=IFERROR(INDEX('Team Leads'!$B:$D, MATCH(C171,'Team Leads'!$A:$A,0), MATCH(D171,'Team Leads'!$B$1:$D$1,0)), "")} -> مریم ایزدی - شاهین شهریاری | F171: =VLOOKUP(B171,'Operator Bugs'!A:P,16,0) -> 0 | G171: =IFERROR(VLOOKUP(B171,'6-week1'!B:D,2,0),0) -> 74 | H171: =IFERROR(VLOOKUP(B171,'6-week1'!B:D,3,0),"-") -> 29 | I171: =IF(G171>179,5,IF(G171>149,4,IF(G171>119,3,IF(G171>89,2,IF(G171>59,1,IF(G171<=59,0)))))) -> 1 | J171: =IF(H171>39,1,IF(H171>32,2,IF(H171>26,3,IF(H171>20,4,IF(H171<=20,5))))) -> 3 | K171: =AVERAGE(I171:J171) -> 2 | L171: =IFERROR(VLOOKUP(B171,'6-week2'!B:D,2,0),0) -> 0 | M171: =IFERROR(VLOOKUP(B171,'6-week2'!B:D,3,0),0) -> 0 | N171: =IF(L171>179,5,IF(L171>149,4,IF(L171>119,3,IF(L171>89,2,IF(L171>59,1,IF(L171<=59,0)))))) -> 0 | O171: =IF(M171>39,1,IF(M171>32,2,IF(M171>26,3,IF(M171>20,4,IF(M171<=20,5))))) -> 5 | P171: =AVERAGE(N171,O171) -> 2.5 | Q171: =IFERROR(VLOOKUP(B171,'6-week1'!B:F,5,0),0) -> 0
A172: احسان محمدی | B172: =TRIM(A172) -> احسان محمدی | C172: =VLOOKUP(B172,Company!B:E,3,0) -> تعاون | D172: =VLOOKUP(B172,Company!B:E,2,0) -> عصر | E172: {=IFERROR(INDEX('Team Leads'!$B:$D, MATCH(C172,'Team Leads'!$A:$A,0), MATCH(D172,'Team Leads'!$B$1:$D$1,0)), "")} -> علیرضا زمانیان | F172: =VLOOKUP(B172,'Operator Bugs'!A:P,16,0) -> 0 | G172: =IFERROR(VLOOKUP(B172,'6-week1'!B:D,2,0),0) -> 45 | H172: =IFERROR(VLOOKUP(B172,'6-week1'!B:D,3,0),"-") -> 32 | I172: =IF(G172>179,5,IF(G172>149,4,IF(G172>119,3,IF(G172>89,2,IF(G172>59,1,IF(G172<=59,0)))))) -> 0 | J172: =IF(H172>39,1,IF(H172>32,2,IF(H172>26,3,IF(H172>20,4,IF(H172<=20,5))))) -> 3 | K172: =AVERAGE(I172:J172) -> 1.5 | L172: =IFERROR(VLOOKUP(B172,'6-week2'!B:D,2,0),0) -> 65 | M172: =IFERROR(VLOOKUP(B172,'6-week2'!B:D,3,0),0) -> 43 | N172: =IF(L172>179,5,IF(L172>149,4,IF(L172>119,3,IF(L172>89,2,IF(L172>59,1,IF(L172<=59,0)))))) -> 1 | O172: =IF(M172>39,1,IF(M172>32,2,IF(M172>26,3,IF(M172>20,4,IF(M172<=20,5))))) -> 1 | P172: =AVERAGE(N172,O172) -> 1 | Q172: =IFERROR(VLOOKUP(B172,'6-week1'!B:F,5,0),0) -> 0
A173: امیر حسین سبزیانی داویجانی | B173: =TRIM(A173) -> امیر حسین سبزیانی داویجانی | C173: =VLOOKUP(B173,Company!B:E,3,0) -> رازی | D173: =VLOOKUP(B173,Company!B:E,2,0) -> عصر | E173: {=IFERROR(INDEX('Team Leads'!$B:$D, MATCH(C173,'Team Leads'!$A:$A,0), MATCH(D173,'Team Leads'!$B$1:$D$1,0)), "")} -> امیررضا فلاح | F173: =VLOOKUP(B173,'Operator Bugs'!A:P,16,0) -> 0 | G173: =IFERROR(VLOOKUP(B173,'6-week1'!B:D,2,0),0) -> 19 | H173: =IFERROR(VLOOKUP(B173,'6-week1'!B:D,3,0),"-") -> 30 | I173: =IF(G173>179,5,IF(G173>149,4,IF(G173>119,3,IF(G173>89,2,IF(G173>59,1,IF(G173<=59,0)))))) -> 0 | J173: =IF(H173>39,1,IF(H173>32,2,IF(H173>26,3,IF(H173>20,4,IF(H173<=20,5))))) -> 3 | K173: =AVERAGE(I173:J173) -> 1.5 | L173: =IFERROR(VLOOKUP(B173,'6-week2'!B:D,2,0),0) -> 14 | M173: =IFERROR(VLOOKUP(B173,'6-week2'!B:D,3,0),0) -> 33 | N173: =IF(L173>179,5,IF(L173>149,4,IF(L173>119,3,IF(L173>89,2,IF(L173>59,1,IF(L173<=59,0)))))) -> 0 | O173: =IF(M173>39,1,IF(M173>32,2,IF(M173>26,3,IF(M173>20,4,IF(M173<=20,5))))) -> 2 | P173: =AVERAGE(N173,O173) -> 1 | Q173: =IFERROR(VLOOKUP(B173,'6-week1'!B:F,5,0),0) -> 0
A174: امین سلیمانی فرد | B174: =TRIM(A174) -> امین سلیمانی فرد | C174: =VLOOKUP(B174,Company!B:E,3,0) -> تعاون | D174: =VLOOKUP(B174,Company!B:E,2,0) -> صبح | E174: {=IFERROR(INDEX('Team Leads'!$B:$D, MATCH(C174,'Team Leads'!$A:$A,0), MATCH(D174,'Team Leads'!$B$1:$D$1,0)), "")} -> مهدی فراهانی | F174: =VLOOKUP(B174,'Operator Bugs'!A:P,16,0) -> 0 | G174: =IFERROR(VLOOKUP(B174,'6-week1'!B:D,2,0),0) -> 9 | H174: =IFERROR(VLOOKUP(B174,'6-week1'!B:D,3,0),"-") -> 32 | I174: =IF(G174>179,5,IF(G174>149,4,IF(G174>119,3,IF(G174>89,2,IF(G174>59,1,IF(G174<=59,0)))))) -> 0 | J174: =IF(H174>39,1,IF(H174>32,2,IF(H174>26,3,IF(H174>20,4,IF(H174<=20,5))))) -> 3 | K174: =AVERAGE(I174:J174) -> 1.5 | L174: =IFERROR(VLOOKUP(B174,'6-week2'!B:D,2,0),0) -> 52 | M174: =IFERROR(VLOOKUP(B174,'6-week2'!B:D,3,0),0) -> 25 | N174: =IF(L174>179,5,IF(L174>149,4,IF(L174>119,3,IF(L174>89,2,IF(L174>59,1,IF(L174<=59,0)))))) -> 0 | O174: =IF(M174>39,1,IF(M174>32,2,IF(M174>26,3,IF(M174>20,4,IF(M174<=20,5))))) -> 4 | P174: =AVERAGE(N174,O174) -> 2 | Q174: =IFERROR(VLOOKUP(B174,'6-week1'!B:F,5,0),0) -> 0
A175: بهار آبنار | B175: =TRIM(A175) -> بهار آبنار | C175: =VLOOKUP(B175,Company!B:E,3,0) -> دی | D175: =VLOOKUP(B175,Company!B:E,2,0) -> عصر | E175: {=IFERROR(INDEX('Team Leads'!$B:$D, MATCH(C175,'Team Leads'!$A:$A,0), MATCH(D175,'Team Leads'!$B$1:$D$1,0)), "")} -> علیرضا زمانیان | F175: =VLOOKUP(B175,'Operator Bugs'!A:P,16,0) -> 0 | G175: =IFERROR(VLOOKUP(B175,'6-week1'!B:D,2,0),0) -> 62 | H175: =IFERROR(VLOOKUP(B175,'6-week1'!B:D,3,0),"-") -> 33 | I175: =IF(G175>179,5,IF(G175>149,4,IF(G175>119,3,IF(G175>89,2,IF(G175>59,1,IF(G175<=59,0)))))) -> 1 | J175: =IF(H175>39,1,IF(H175>32,2,IF(H175>26,3,IF(H175>20,4,IF(H175<=20,5))))) -> 2 | K175: =AVERAGE(I175:J175) -> 1.5 | L175: =IFERROR(VLOOKUP(B175,'6-week2'!B:D,2,0),0) -> 74 | M175: =IFERROR(VLOOKUP(B175,'6-week2'!B:D,3,0),0) -> 31 | N175: =IF(L175>179,5,IF(L175>149,4,IF(L175>119,3,IF(L175>89,2,IF(L175>59,1,IF(L175<=59,0)))))) -> 1 | O175: =IF(M175>39,1,IF(M175>32,2,IF(M175>26,3,IF(M175>20,4,IF(M175<=20,5))))) -> 3 | P175: =AVERAGE(N175,O175) -> 2 | Q175: =IFERROR(VLOOKUP(B175,'6-week1'!B:F,5,0),0) -> 0
A176: پریسا شعبانی | B176: =TRIM(A176) -> پریسا شعبانی | C176: =VLOOKUP(B176,Company!B:E,3,0) -> تعاون | D176: =VLOOKUP(B176,Company!B:E,2,0) -> صبح | E176: {=IFERROR(INDEX('Team Leads'!$B:$D, MATCH(C176,'Team Leads'!$A:$A,0), MATCH(D176,'Team Leads'!$B$1:$D$1,0)), "")} -> مهدی فراهانی | F176: =VLOOKUP(B176,'Operator Bugs'!A:P,16,0) -> 0 | G176: =IFERROR(VLOOKUP(B176,'6-week1'!B:D,2,0),0) -> 39 | H176: =IFERROR(VLOOKUP(B176,'6-week1'!B:D,3,0),"-") -> 32 | I176: =IF(G176>179,5,IF(G176>149,4,IF(G176>119,3,IF(G176>89,2,IF(G176>59,1,IF(G176<=59,0)))))) -> 0 | J176: =IF(H176>39,1,IF(H176>32,2,IF(H176>26,3,IF(H176>20,4,IF(H176<=20,5))))) -> 3 | K176: =AVERAGE(I176:J176) -> 1.5 | L176: =IFERROR(VLOOKUP(B176,'6-week2'!B:D,2,0),0) -> 32 | M176: =IFERROR(VLOOKUP(B176,'6-week2'!B:D,3,0),0) -> 25 | N176: =IF(L176>179,5,IF(L176>149,4,IF(L176>119,3,IF(L176>89,2,IF(L176>59,1,IF(L176<=59,0)))))) -> 0 | O176: =IF(M176>39,1,IF(M176>32,2,IF(M176>26,3,IF(M176>20,4,IF(M176<=20,5))))) -> 4 | P176: =AVERAGE(N176,O176) -> 2 | Q176: =IFERROR(VLOOKUP(B176,'6-week1'!B:F,5,0),0) -> 0
A177: حدیثه آباده | B177: =TRIM(A177) -> حدیثه آباده | C177: =VLOOKUP(B177,Company!B:E,3,0) -> تعاون | D177: =VLOOKUP(B177,Company!B:E,2,0) -> عصر | E177: {=IFERROR(INDEX('Team Leads'!$B:$D, MATCH(C177,'Team Leads'!$A:$A,0), MATCH(D177,'Team Leads'!$B$1:$D$1,0)), "")} -> علیرضا زمانیان | F177: =VLOOKUP(B177,'Operator Bugs'!A:P,16,0) -> 0 | G177: =IFERROR(VLOOKUP(B177,'6-week1'!B:D,2,0),0) -> 70 | H177: =IFERROR(VLOOKUP(B177,'6-week1'!B:D,3,0),"-") -> 37 | I177: =IF(G177>179,5,IF(G177>149,4,IF(G177>119,3,IF(G177>89,2,IF(G177>59,1,IF(G177<=59,0)))))) -> 1 | J177: =IF(H177>39,1,IF(H177>32,2,IF(H177>26,3,IF(H177>20,4,IF(H177<=20,5))))) -> 2 | K177: =AVERAGE(I177:J177) -> 1.5 | L177: =IFERROR(VLOOKUP(B177,'6-week2'!B:D,2,0),0) -> 75 | M177: =IFERROR(VLOOKUP(B177,'6-week2'!B:D,3,0),0) -> 32 | N177: =IF(L177>179,5,IF(L177>149,4,IF(L177>119,3,IF(L177>89,2,IF(L177>59,1,IF(L177<=59,0)))))) -> 1 | O177: =IF(M177>39,1,IF(M177>32,2,IF(M177>26,3,IF(M177>20,4,IF(M177<=20,5))))) -> 3 | P177: =AVERAGE(N177,O177) -> 2 | Q177: =IFERROR(VLOOKUP(B177,'6-week1'!B:F,5,0),0) -> 0
A178: حسین موذنی فرد | B178: =TRIM(A178) -> حسین موذنی فرد | C178: =VLOOKUP(B178,Company!B:E,3,0) -> سینا | D178: =VLOOKUP(B178,Company!B:E,2,0) -> عصر | E178: {=IFERROR(INDEX('Team Leads'!$B:$D, MATCH(C178,'Team Leads'!$A:$A,0), MATCH(D178,'Team Leads'!$B$1:$D$1,0)), "")} -> مهدی ایازی | F178: =VLOOKUP(B178,'Operator Bugs'!A:P,16,0) -> 0 | G178: =IFERROR(VLOOKUP(B178,'6-week1'!B:D,2,0),0) -> 68 | H178: =IFERROR(VLOOKUP(B178,'6-week1'!B:D,3,0),"-") -> 38 | I178: =IF(G178>179,5,IF(G178>149,4,IF(G178>119,3,IF(G178>89,2,IF(G178>59,1,IF(G178<=59,0)))))) -> 1 | J178: =IF(H178>39,1,IF(H178>32,2,IF(H178>26,3,IF(H178>20,4,IF(H178<=20,5))))) -> 2 | K178: =AVERAGE(I178:J178) -> 1.5 | L178: =IFERROR(VLOOKUP(B178,'6-week2'!B:D,2,0),0) -> 143 | M178: =IFERROR(VLOOKUP(B178,'6-week2'!B:D,3,0),0) -> 44 | N178: =IF(L178>179,5,IF(L178>149,4,IF(L178>119,3,IF(L178>89,2,IF(L178>59,1,IF(L178<=59,0)))))) -> 3 | O178: =IF(M178>39,1,IF(M178>32,2,IF(M178>26,3,IF(M178>20,4,IF(M178<=20,5))))) -> 1 | P178: =AVERAGE(N178,O178) -> 2 | Q178: =IFERROR(VLOOKUP(B178,'6-week1'!B:F,5,0),0) -> 0
A179: زهرا رحیمی احسان | B179: =TRIM(A179) -> زهرا رحیمی احسان | C179: =VLOOKUP(B179,Company!B:E,3,0) -> رازی | D179: =VLOOKUP(B179,Company!B:E,2,0) -> صبح | E179: {=IFERROR(INDEX('Team Leads'!$B:$D, MATCH(C179,'Team Leads'!$A:$A,0), MATCH(D179,'Team Leads'!$B$1:$D$1,0)), "")} -> آتنا مالمیر | F179: =VLOOKUP(B179,'Operator Bugs'!A:P,16,0) -> 0 | G179: =IFERROR(VLOOKUP(B179,'6-week1'!B:D,2,0),0) -> 38 | H179: =IFERROR(VLOOKUP(B179,'6-week1'!B:D,3,0),"-") -> 28 | I179: =IF(G179>179,5,IF(G179>149,4,IF(G179>119,3,IF(G179>89,2,IF(G179>59,1,IF(G179<=59,0)))))) -> 0 | J179: =IF(H179>39,1,IF(H179>32,2,IF(H179>26,3,IF(H179>20,4,IF(H179<=20,5))))) -> 3 | K179: =AVERAGE(I179:J179) -> 1.5 | L179: =IFERROR(VLOOKUP(B179,'6-week2'!B:D,2,0),0) -> 69 | M179: =IFERROR(VLOOKUP(B179,'6-week2'!B:D,3,0),0) -> 24 | N179: =IF(L179>179,5,IF(L179>149,4,IF(L179>119,3,IF(L179>89,2,IF(L179>59,1,IF(L179<=59,0)))))) -> 1 | O179: =IF(M179>39,1,IF(M179>32,2,IF(M179>26,3,IF(M179>20,4,IF(M179<=20,5))))) -> 4 | P179: =AVERAGE(N179,O179) -> 2.5 | Q179: =IFERROR(VLOOKUP(B179,'6-week1'!B:F,5,0),0) -> 0
A180: زهرا صحرایی | B180: =TRIM(A180) -> زهرا صحرایی | C180: =VLOOKUP(B180,Company!B:E,3,0) -> رازی | D180: =VLOOKUP(B180,Company!B:E,2,0) -> عصر | E180: {=IFERROR(INDEX('Team Leads'!$B:$D, MATCH(C180,'Team Leads'!$A:$A,0), MATCH(D180,'Team Leads'!$B$1:$D$1,0)), "")} -> امیررضا فلاح | F180: =VLOOKUP(B180,'Operator Bugs'!A:P,16,0) -> 0 | G180: =IFERROR(VLOOKUP(B180,'6-week1'!B:D,2,0),0) -> 71 | H180: =IFERROR(VLOOKUP(B180,'6-week1'!B:D,3,0),"-") -> 39 | I180: =IF(G180>179,5,IF(G180>149,4,IF(G180>119,3,IF(G180>89,2,IF(G180>59,1,IF(G180<=59,0)))))) -> 1 | J180: =IF(H180>39,1,IF(H180>32,2,IF(H180>26,3,IF(H180>20,4,IF(H180<=20,5))))) -> 2 | K180: =AVERAGE(I180:J180) -> 1.5 | L180: =IFERROR(VLOOKUP(B180,'6-week2'!B:D,2,0),0) -> 94 | M180: =IFERROR(VLOOKUP(B180,'6-week2'!B:D,3,0),0) -> 37 | N180: =IF(L180>179,5,IF(L180>149,4,IF(L180>119,3,IF(L180>89,2,IF(L180>59,1,IF(L180<=59,0)))))) -> 2 | O180: =IF(M180>39,1,IF(M180>32,2,IF(M180>26,3,IF(M180>20,4,IF(M180<=20,5))))) -> 2 | P180: =AVERAGE(N180,O180) -> 2 | Q180: =IFERROR(VLOOKUP(B180,'6-week1'!B:F,5,0),0) -> 0
A181: سپیده گودرزی | B181: =TRIM(A181) -> سپیده گودرزی | C181: =VLOOKUP(B181,Company!B:E,3,0) -> سینا | D181: =VLOOKUP(B181,Company!B:E,2,0) -> عصر | E181: {=IFERROR(INDEX('Team Leads'!$B:$D, MATCH(C181,'Team Leads'!$A:$A,0), MATCH(D181,'Team Leads'!$B$1:$D$1,0)), "")} -> مهدی ایازی | F181: =VLOOKUP(B181,'Operator Bugs'!A:P,16,0) -> 0 | G181: =IFERROR(VLOOKUP(B181,'6-week1'!B:D,2,0),0) -> 109 | H181: =IFERROR(VLOOKUP(B181,'6-week1'!B:D,3,0),"-") -> 58 | I181: =IF(G181>179,5,IF(G181>149,4,IF(G181>119,3,IF(G181>89,2,IF(G181>59,1,IF(G181<=59,0)))))) -> 2 | J181: =IF(H181>39,1,IF(H181>32,2,IF(H181>26,3,IF(H181>20,4,IF(H181<=20,5))))) -> 1 | K181: =AVERAGE(I181:J181) -> 1.5 | L181: =IFERROR(VLOOKUP(B181,'6-week2'!B:D,2,0),0) -> 85 | M181: =IFERROR(VLOOKUP(B181,'6-week2'!B:D,3,0),0) -> 57 | N181: =IF(L181>179,5,IF(L181>149,4,IF(L181>119,3,IF(L181>89,2,IF(L181>59,1,IF(L181<=59,0)))))) -> 1 | O181: =IF(M181>39,1,IF(M181>32,2,IF(M181>26,3,IF(M181>20,4,IF(M181<=20,5))))) -> 1 | P181: =AVERAGE(N181,O181) -> 1 | Q181: =IFERROR(VLOOKUP(B181,'6-week1'!B:F,5,0),0) -> 0
A182: ستایش ارفع نیا | B182: =TRIM(A182) -> ستایش ارفع نیا | C182: =VLOOKUP(B182,Company!B:E,3,0) -> دی | D182: =VLOOKUP(B182,Company!B:E,2,0) -> صبح | E182: {=IFERROR(INDEX('Team Leads'!$B:$D, MATCH(C182,'Team Leads'!$A:$A,0), MATCH(D182,'Team Leads'!$B$1:$D$1,0)), "")} -> مهدی فراهانی | F182: =VLOOKUP(B182,'Operator Bugs'!A:P,16,0) -> 0 | G182: =IFERROR(VLOOKUP(B182,'6-week1'!B:D,2,0),0) -> 45 | H182: =IFERROR(VLOOKUP(B182,'6-week1'!B:D,3,0),"-") -> 28 | I182: =IF(G182>179,5,IF(G182>149,4,IF(G182>119,3,IF(G182>89,2,IF(G182>59,1,IF(G182<=59,0)))))) -> 0 | J182: =IF(H182>39,1,IF(H182>32,2,IF(H182>26,3,IF(H182>20,4,IF(H182<=20,5))))) -> 3 | K182: =AVERAGE(I182:J182) -> 1.5 | L182: =IFERROR(VLOOKUP(B182,'6-week2'!B:D,2,0),0) -> 61 | M182: =IFERROR(VLOOKUP(B182,'6-week2'!B:D,3,0),0) -> 26 | N182: =IF(L182>179,5,IF(L182>149,4,IF(L182>119,3,IF(L182>89,2,IF(L182>59,1,IF(L182<=59,0)))))) -> 1 | O182: =IF(M182>39,1,IF(M182>32,2,IF(M182>26,3,IF(M182>20,4,IF(M182<=20,5))))) -> 4 | P182: =AVERAGE(N182,O182) -> 2.5 | Q182: =IFERROR(VLOOKUP(B182,'6-week1'!B:F,5,0),0) -> 0
A183: شیرین امیری | B183: =TRIM(A183) -> شیرین امیری | C183: =VLOOKUP(B183,Company!B:E,3,0) -> تعاون | D183: =VLOOKUP(B183,Company!B:E,2,0) -> عصر | E183: {=IFERROR(INDEX('Team Leads'!$B:$D, MATCH(C183,'Team Leads'!$A:$A,0), MATCH(D183,'Team Leads'!$B$1:$D$1,0)), "")} -> علیرضا زمانیان | F183: =VLOOKUP(B183,'Operator Bugs'!A:P,16,0) -> 0 | G183: =IFERROR(VLOOKUP(B183,'6-week1'!B:D,2,0),0) -> 80 | H183: =IFERROR(VLOOKUP(B183,'6-week1'!B:D,3,0),"-") -> 39 | I183: =IF(G183>179,5,IF(G183>149,4,IF(G183>119,3,IF(G183>89,2,IF(G183>59,1,IF(G183<=59,0)))))) -> 1 | J183: =IF(H183>39,1,IF(H183>32,2,IF(H183>26,3,IF(H183>20,4,IF(H183<=20,5))))) -> 2 | K183: =AVERAGE(I183:J183) -> 1.5 | L183: =IFERROR(VLOOKUP(B183,'6-week2'!B:D,2,0),0) -> 42 | M183: =IFERROR(VLOOKUP(B183,'6-week2'!B:D,3,0),0) -> 22 | N183: =IF(L183>179,5,IF(L183>149,4,IF(L183>119,3,IF(L183>89,2,IF(L183>59,1,IF(L183<=59,0)))))) -> 0 | O183: =IF(M183>39,1,IF(M183>32,2,IF(M183>26,3,IF(M183>20,4,IF(M183<=20,5))))) -> 4 | P183: =AVERAGE(N183,O183) -> 2 | Q183: =IFERROR(VLOOKUP(B183,'6-week1'!B:F,5,0),0) -> 0
... A243: هیوا شیری | B243: =TRIM(A243) -> هیوا شیری | C243: =VLOOKUP(B243,Company!B:E,3,0) -> سینا | D243: =VLOOKUP(B243,Company!B:E,2,0) -> صبح | E243: {=IFERROR(INDEX('Team Leads'!$B:$D, MATCH(C243,'Team Leads'!$A:$A,0), MATCH(D243,'Team Leads'!$B$1:$D$1,0)), "")} -> فاطمه دهقانپور | F243: =VLOOKUP(B243,'Operator Bugs'!A:P,16,0) -> 0 | G243: =IFERROR(VLOOKUP(B243,'6-week1'!B:D,2,0),0) -> 68 | H243: =IFERROR(VLOOKUP(B243,'6-week1'!B:D,3,0),"-") -> 50 | I243: =IF(G243>179,5,IF(G243>149,4,IF(G243>119,3,IF(G243>89,2,IF(G243>59,1,IF(G243<=59,0)))))) -> 1 | J243: =IF(H243>39,1,IF(H243>32,2,IF(H243>26,3,IF(H243>20,4,IF(H243<=20,5))))) -> 1 | K243: =AVERAGE(I243:J243) -> 1 | L243: =IFERROR(VLOOKUP(B243,'6-week2'!B:D,2,0),0) -> 66 | M243: =IFERROR(VLOOKUP(B243,'6-week2'!B:D,3,0),0) -> 53 | N243: =IF(L243>179,5,IF(L243>149,4,IF(L243>119,3,IF(L243>89,2,IF(L243>59,1,IF(L243<=59,0)))))) -> 1 | O243: =IF(M243>39,1,IF(M243>32,2,IF(M243>26,3,IF(M243>20,4,IF(M243<=20,5))))) -> 1 | P243: =AVERAGE(N243,O243) -> 1 | Q243: =IFERROR(VLOOKUP(B243,'6-week1'!B:F,5,0),0) -> 0
B244: مرکز صدور شاه محمدی | مبینا یارمحمدی | C244: =VLOOKUP(B244,Company!B:E,3,0) -> سنتر | D244: =VLOOKUP(B244,Company!B:E,2,0) -> صبح | E244: {=IFERROR(INDEX('Team Leads'!$B:$D, MATCH(C244,'Team Leads'!$A:$A,0), MATCH(D244,'Team Leads'!$B$1:$D$1,0)), "")} -> مریم ایزدی - شاهین شهریاری | F244: =VLOOKUP(B244,'Operator Bugs'!A:P,16,0) -> 0 | G244: =IFERROR(VLOOKUP(B244,'6-week1'!B:D,2,0),0) -> 54 | H244: =IFERROR(VLOOKUP(B244,'6-week1'!B:D,3,0),"-") -> 33 | I244: =IF(G244>179,5,IF(G244>149,4,IF(G244>119,3,IF(G244>89,2,IF(G244>59,1,IF(G244<=59,0)))))) -> 0 | J244: =IF(H244>39,1,IF(H244>32,2,IF(H244>26,3,IF(H244>20,4,IF(H244<=20,5))))) -> 2 | K244: =AVERAGE(I244:J244) -> 1 | L244: =IFERROR(VLOOKUP(B244,'6-week2'!B:D,2,0),0) -> 64 | M244: =IFERROR(VLOOKUP(B244,'6-week2'!B:D,3,0),0) -> 24 | N244: =IF(L244>179,5,IF(L244>149,4,IF(L244>119,3,IF(L244>89,2,IF(L244>59,1,IF(L244<=59,0)))))) -> 1 | O244: =IF(M244>39,1,IF(M244>32,2,IF(M244>26,3,IF(M244>20,4,IF(M244<=20,5))))) -> 4 | P244: =AVERAGE(N244,O244) -> 2.5 | Q244: =IFERROR(VLOOKUP(B244,'6-week1'!B:F,5,0),0) -> 0
B245: مرکز صدور کیانی| تانیا کیانی بیگدلی | C245: =VLOOKUP(B245,Company!B:E,3,0) -> سنتر | D245: =VLOOKUP(B245,Company!B:E,2,0) -> صبح | E245: {=IFERROR(INDEX('Team Leads'!$B:$D, MATCH(C245,'Team Leads'!$A:$A,0), MATCH(D245,'Team Leads'!$B$1:$D$1,0)), "")} -> مریم ایزدی - شاهین شهریاری | F245: =VLOOKUP(B245,'Operator Bugs'!A:P,16,0) -> 0 | G245: =IFERROR(VLOOKUP(B245,'6-week1'!B:D,2,0),0) -> 36 | H245: =IFERROR(VLOOKUP(B245,'6-week1'!B:D,3,0),"-") -> 35 | I245: =IF(G245>179,5,IF(G245>149,4,IF(G245>119,3,IF(G245>89,2,IF(G245>59,1,IF(G245<=59,0)))))) -> 0 | J245: =IF(H245>39,1,IF(H245>32,2,IF(H245>26,3,IF(H245>20,4,IF(H245<=20,5))))) -> 2 | K245: =AVERAGE(I245:J245) -> 1 | L245: =IFERROR(VLOOKUP(B245,'6-week2'!B:D,2,0),0) -> 105 | M245: =IFERROR(VLOOKUP(B245,'6-week2'!B:D,3,0),0) -> 29 | N245: =IF(L245>179,5,IF(L245>149,4,IF(L245>119,3,IF(L245>89,2,IF(L245>59,1,IF(L245<=59,0)))))) -> 2 | O245: =IF(M245>39,1,IF(M245>32,2,IF(M245>26,3,IF(M245>20,4,IF(M245<=20,5))))) -> 3 | P245: =AVERAGE(N245,O245) -> 2.5 | Q245: =IFERROR(VLOOKUP(B245,'6-week1'!B:F,5,0),0) -> 0
A246: بهار آرین فر | B246: =TRIM(A246) -> بهار آرین فر | C246: =VLOOKUP(B246,Company!B:E,3,0) -> رازی | D246: =VLOOKUP(B246,Company!B:E,2,0) -> صبح | E246: {=IFERROR(INDEX('Team Leads'!$B:$D, MATCH(C246,'Team Leads'!$A:$A,0), MATCH(D246,'Team Leads'!$B$1:$D$1,0)), "")} -> آتنا مالمیر | F246: =VLOOKUP(B246,'Operator Bugs'!A:P,16,0) -> 0 | G246: =IFERROR(VLOOKUP(B246,'6-week1'!B:D,2,0),0) -> 43 | H246: =IFERROR(VLOOKUP(B246,'6-week1'!B:D,3,0),"-") -> 47 | I246: =IF(G246>179,5,IF(G246>149,4,IF(G246>119,3,IF(G246>89,2,IF(G246>59,1,IF(G246<=59,0)))))) -> 0 | J246: =IF(H246>39,1,IF(H246>32,2,IF(H246>26,3,IF(H246>20,4,IF(H246<=20,5))))) -> 1 | K246: =AVERAGE(I246:J246) -> 0.5 | L246: =IFERROR(VLOOKUP(B246,'6-week2'!B:D,2,0),0) -> 57 | M246: =IFERROR(VLOOKUP(B246,'6-week2'!B:D,3,0),0) -> 39 | N246: =IF(L246>179,5,IF(L246>149,4,IF(L246>119,3,IF(L246>89,2,IF(L246>59,1,IF(L246<=59,0)))))) -> 0 | O246: =IF(M246>39,1,IF(M246>32,2,IF(M246>26,3,IF(M246>20,4,IF(M246<=20,5))))) -> 2 | P246: =AVERAGE(N246,O246) -> 1 | Q246: =IFERROR(VLOOKUP(B246,'6-week1'!B:F,5,0),0) -> 0
A247: پروین شجاعی | B247: =TRIM(A247) -> پروین شجاعی | C247: =VLOOKUP(B247,Company!B:E,3,0) -> دی | D247: =VLOOKUP(B247,Company!B:E,2,0) -> صبح | E247: {=IFERROR(INDEX('Team Leads'!$B:$D, MATCH(C247,'Team Leads'!$A:$A,0), MATCH(D247,'Team Leads'!$B$1:$D$1,0)), "")} -> مهدی فراهانی | F247: =VLOOKUP(B247,'Operator Bugs'!A:P,16,0) -> 0 | G247: =IFERROR(VLOOKUP(B247,'6-week1'!B:D,2,0),0) -> 23 | H247: =IFERROR(VLOOKUP(B247,'6-week1'!B:D,3,0),"-") -> 46 | I247: =IF(G247>179,5,IF(G247>149,4,IF(G247>119,3,IF(G247>89,2,IF(G247>59,1,IF(G247<=59,0)))))) -> 0 | J247: =IF(H247>39,1,IF(H247>32,2,IF(H247>26,3,IF(H247>20,4,IF(H247<=20,5))))) -> 1 | K247: =AVERAGE(I247:J247) -> 0.5 | L247: =IFERROR(VLOOKUP(B247,'6-week2'!B:D,2,0),0) -> 47 | M247: =IFERROR(VLOOKUP(B247,'6-week2'!B:D,3,0),0) -> 35 | N247: =IF(L247>179,5,IF(L247>149,4,IF(L247>119,3,IF(L247>89,2,IF(L247>59,1,IF(L247<=59,0)))))) -> 0 | O247: =IF(M247>39,1,IF(M247>32,2,IF(M247>26,3,IF(M247>20,4,IF(M247<=20,5))))) -> 2 | P247: =AVERAGE(N247,O247) -> 1 | Q247: =IFERROR(VLOOKUP(B247,'6-week1'!B:F,5,0),0) -> 0
A248: حنانه سلامی | B248: =TRIM(A248) -> حنانه سلامی | C248: =VLOOKUP(B248,Company!B:E,3,0) -> رازی | D248: =VLOOKUP(B248,Company!B:E,2,0) -> صبح | E248: {=IFERROR(INDEX('Team Leads'!$B:$D, MATCH(C248,'Team Leads'!$A:$A,0), MATCH(D248,'Team Leads'!$B$1:$D$1,0)), "")} -> آتنا مالمیر | F248: =VLOOKUP(B248,'Operator Bugs'!A:P,16,0) -> 0 | G248: =IFERROR(VLOOKUP(B248,'6-week1'!B:D,2,0),0) -> 32 | H248: =IFERROR(VLOOKUP(B248,'6-week1'!B:D,3,0),"-") -> 100 | I248: =IF(G248>179,5,IF(G248>149,4,IF(G248>119,3,IF(G248>89,2,IF(G248>59,1,IF(G248<=59,0)))))) -> 0 | J248: =IF(H248>39,1,IF(H248>32,2,IF(H248>26,3,IF(H248>20,4,IF(H248<=20,5))))) -> 1 | K248: =AVERAGE(I248:J248) -> 0.5 | L248: =IFERROR(VLOOKUP(B248,'6-week2'!B:D,2,0),0) -> 39 | M248: =IFERROR(VLOOKUP(B248,'6-week2'!B:D,3,0),0) -> 28 | N248: =IF(L248>179,5,IF(L248>149,4,IF(L248>119,3,IF(L248>89,2,IF(L248>59,1,IF(L248<=59,0)))))) -> 0 | O248: =IF(M248>39,1,IF(M248>32,2,IF(M248>26,3,IF(M248>20,4,IF(M248<=20,5))))) -> 3 | P248: =AVERAGE(N248,O248) -> 1.5 | Q248: =IFERROR(VLOOKUP(B248,'6-week1'!B:F,5,0),0) -> 0
A249: ریحانه روئین تن | B249: =TRIM(A249) -> ریحانه روئین تن | C249: =VLOOKUP(B249,Company!B:E,3,0) -> تعاون | D249: =VLOOKUP(B249,Company!B:E,2,0) -> عصر | E249: {=IFERROR(INDEX('Team Leads'!$B:$D, MATCH(C249,'Team Leads'!$A:$A,0), MATCH(D249,'Team Leads'!$B$1:$D$1,0)), "")} -> علیرضا زمانیان | F249: =VLOOKUP(B249,'Operator Bugs'!A:P,16,0) -> 0 | G249: =IFERROR(VLOOKUP(B249,'6-week1'!B:D,2,0),0) -> 22 | H249: =IFERROR(VLOOKUP(B249,'6-week1'!B:D,3,0),"-") -> 45 | I249: =IF(G249>179,5,IF(G249>149,4,IF(G249>119,3,IF(G249>89,2,IF(G249>59,1,IF(G249<=59,0)))))) -> 0 | J249: =IF(H249>39,1,IF(H249>32,2,IF(H249>26,3,IF(H249>20,4,IF(H249<=20,5))))) -> 1 | K249: =AVERAGE(I249:J249) -> 0.5 | L249: =IFERROR(VLOOKUP(B249,'6-week2'!B:D,2,0),0) -> 0 | M249: =IFERROR(VLOOKUP(B249,'6-week2'!B:D,3,0),0) -> 0 | N249: =IF(L249>179,5,IF(L249>149,4,IF(L249>119,3,IF(L249>89,2,IF(L249>59,1,IF(L249<=59,0)))))) -> 0 | O249: =IF(M249>39,1,IF(M249>32,2,IF(M249>26,3,IF(M249>20,4,IF(M249<=20,5))))) -> 5 | P249: =AVERAGE(N249,O249) -> 2.5 | Q249: =IFERROR(VLOOKUP(B249,'6-week1'!B:F,5,0),0) -> 0
A250: زهرا حبیبی مجد | B250: =TRIM(A250) -> زهرا حبیبی مجد | C250: =VLOOKUP(B250,Company!B:E,3,0) -> رازی | D250: =VLOOKUP(B250,Company!B:E,2,0) -> صبح | E250: {=IFERROR(INDEX('Team Leads'!$B:$D, MATCH(C250,'Team Leads'!$A:$A,0), MATCH(D250,'Team Leads'!$B$1:$D$1,0)), "")} -> آتنا مالمیر | F250: =VLOOKUP(B250,'Operator Bugs'!A:P,16,0) -> 0 | G250: =IFERROR(VLOOKUP(B250,'6-week1'!B:D,2,0),0) -> 0 | H250: =IFERROR(VLOOKUP(B250,'6-week1'!B:D,3,0),"-") -> - | I250: =IF(G250>179,5,IF(G250>149,4,IF(G250>119,3,IF(G250>89,2,IF(G250>59,1,IF(G250<=59,0)))))) -> 0 | J250: =IF(H250>39,1,IF(H250>32,2,IF(H250>26,3,IF(H250>20,4,IF(H250<=20,5))))) -> 1 | K250: =AVERAGE(I250:J250) -> 0.5 | L250: =IFERROR(VLOOKUP(B250,'6-week2'!B:D,2,0),0) -> 0 | M250: =IFERROR(VLOOKUP(B250,'6-week2'!B:D,3,0),0) -> 0 | N250: =IF(L250>179,5,IF(L250>149,4,IF(L250>119,3,IF(L250>89,2,IF(L250>59,1,IF(L250<=59,0)))))) -> 0 | O250: =IF(M250>39,1,IF(M250>32,2,IF(M250>26,3,IF(M250>20,4,IF(M250<=20,5))))) -> 5 | P250: =AVERAGE(N250,O250) -> 2.5 | Q250: =IFERROR(VLOOKUP(B250,'6-week1'!B:F,5,0),0) -> 0
A251: شراره نجاتی | B251: =TRIM(A251) -> شراره نجاتی | C251: =VLOOKUP(B251,Company!B:E,3,0) -> سینا | D251: =VLOOKUP(B251,Company!B:E,2,0) -> عصر | E251: {=IFERROR(INDEX('Team Leads'!$B:$D, MATCH(C251,'Team Leads'!$A:$A,0), MATCH(D251,'Team Leads'!$B$1:$D$1,0)), "")} -> مهدی ایازی | F251: =VLOOKUP(B251,'Operator Bugs'!A:P,16,0) -> 0 | G251: =IFERROR(VLOOKUP(B251,'6-week1'!B:D,2,0),0) -> 17 | H251: =IFERROR(VLOOKUP(B251,'6-week1'!B:D,3,0),"-") -> 53 | I251: =IF(G251>179,5,IF(G251>149,4,IF(G251>119,3,IF(G251>89,2,IF(G251>59,1,IF(G251<=59,0)))))) -> 0 | J251: =IF(H251>39,1,IF(H251>32,2,IF(H251>26,3,IF(H251>20,4,IF(H251<=20,5))))) -> 1 | K251: =AVERAGE(I251:J251) -> 0.5 | L251: =IFERROR(VLOOKUP(B251,'6-week2'!B:D,2,0),0) -> 161 | M251: =IFERROR(VLOOKUP(B251,'6-week2'!B:D,3,0),0) -> 32 | N251: =IF(L251>179,5,IF(L251>149,4,IF(L251>119,3,IF(L251>89,2,IF(L251>59,1,IF(L251<=59,0)))))) -> 4 | O251: =IF(M251>39,1,IF(M251>32,2,IF(M251>26,3,IF(M251>20,4,IF(M251<=20,5))))) -> 3 | P251: =AVERAGE(N251,O251) -> 3.5 | Q251: =IFERROR(VLOOKUP(B251,'6-week1'!B:F,5,0),0) -> 0
A252: شقایق جوشقانی | B252: =TRIM(A252) -> شقایق جوشقانی | C252: =VLOOKUP(B252,Company!B:E,3,0) -> سینا | D252: =VLOOKUP(B252,Company!B:E,2,0) -> صبح | E252: {=IFERROR(INDEX('Team Leads'!$B:$D, MATCH(C252,'Team Leads'!$A:$A,0), MATCH(D252,'Team Leads'!$B$1:$D$1,0)), "")} -> فاطمه دهقانپور | F252: =VLOOKUP(B252,'Operator Bugs'!A:P,16,0) -> 0 | G252: =IFERROR(VLOOKUP(B252,'6-week1'!B:D,2,0),0) -> 0 | H252: =IFERROR(VLOOKUP(B252,'6-week1'!B:D,3,0),"-") -> - | I252: =IF(G252>179,5,IF(G252>149,4,IF(G252>119,3,IF(G252>89,2,IF(G252>59,1,IF(G252<=59,0)))))) -> 0 | J252: =IF(H252>39,1,IF(H252>32,2,IF(H252>26,3,IF(H252>20,4,IF(H252<=20,5))))) -> 1 | K252: =AVERAGE(I252:J252) -> 0.5 | L252: =IFERROR(VLOOKUP(B252,'6-week2'!B:D,2,0),0) -> 0 | M252: =IFERROR(VLOOKUP(B252,'6-week2'!B:D,3,0),0) -> 0 | N252: =IF(L252>179,5,IF(L252>149,4,IF(L252>119,3,IF(L252>89,2,IF(L252>59,1,IF(L252<=59,0)))))) -> 0 | O252: =IF(M252>39,1,IF(M252>32,2,IF(M252>26,3,IF(M252>20,4,IF(M252<=20,5))))) -> 5 | P252: =AVERAGE(N252,O252) -> 2.5 | Q252: =IFERROR(VLOOKUP(B252,'6-week1'!B:F,5,0),0) -> 0
A253: غلامرضا رضایی گرجان | B253: =TRIM(A253) -> غلامرضا رضایی گرجان | C253: =VLOOKUP(B253,Company!B:E,3,0) -> سینا | D253: =VLOOKUP(B253,Company!B:E,2,0) -> عصر | E253: {=IFERROR(INDEX('Team Leads'!$B:$D, MATCH(C253,'Team Leads'!$A:$A,0), MATCH(D253,'Team Leads'!$B$1:$D$1,0)), "")} -> مهدی ایازی | F253: =VLOOKUP(B253,'Operator Bugs'!A:P,16,0) -> 0 | G253: =IFERROR(VLOOKUP(B253,'6-week1'!B:D,2,0),0) -> 45 | H253: =IFERROR(VLOOKUP(B253,'6-week1'!B:D,3,0),"-") -> 56 | I253: =IF(G253>179,5,IF(G253>149,4,IF(G253>119,3,IF(G253>89,2,IF(G253>59,1,IF(G253<=59,0)))))) -> 0 | J253: =IF(H253>39,1,IF(H253>32,2,IF(H253>26,3,IF(H253>20,4,IF(H253<=20,5))))) -> 1 | K253: =AVERAGE(I253:J253) -> 0.5 | L253: =IFERROR(VLOOKUP(B253,'6-week2'!B:D,2,0),0) -> 58 | M253: =IFERROR(VLOOKUP(B253,'6-week2'!B:D,3,0),0) -> 48 | N253: =IF(L253>179,5,IF(L253>149,4,IF(L253>119,3,IF(L253>89,2,IF(L253>59,1,IF(L253<=59,0)))))) -> 0 | O253: =IF(M253>39,1,IF(M253>32,2,IF(M253>26,3,IF(M253>20,4,IF(M253<=20,5))))) -> 1 | P253: =AVERAGE(N253,O253) -> 0.5 | Q253: =IFERROR(VLOOKUP(B253,'6-week1'!B:F,5,0),0) -> 0
A254: فائزه سبزیانی داویجانی | B254: =TRIM(A254) -> فائزه سبزیانی داویجانی | C254: =VLOOKUP(B254,Company!B:E,3,0) -> رازی | D254: =VLOOKUP(B254,Company!B:E,2,0) -> عصر | E254: {=IFERROR(INDEX('Team Leads'!$B:$D, MATCH(C254,'Team Leads'!$A:$A,0), MATCH(D254,'Team Leads'!$B$1:$D$1,0)), "")} -> امیررضا فلاح | F254: =VLOOKUP(B254,'Operator Bugs'!A:P,16,0) -> 0 | G254: =IFERROR(VLOOKUP(B254,'6-week1'!B:D,2,0),0) -> 16 | H254: =IFERROR(VLOOKUP(B254,'6-week1'!B:D,3,0),"-") -> 79 | I254: =IF(G254>179,5,IF(G254>149,4,IF(G254>119,3,IF(G254>89,2,IF(G254>59,1,IF(G254<=59,0)))))) -> 0 | J254: =IF(H254>39,1,IF(H254>32,2,IF(H254>26,3,IF(H254>20,4,IF(H254<=20,5))))) -> 1 | K254: =AVERAGE(I254:J254) -> 0.5 | L254: =IFERROR(VLOOKUP(B254,'6-week2'!B:D,2,0),0) -> 26 | M254: =IFERROR(VLOOKUP(B254,'6-week2'!B:D,3,0),0) -> 50 | N254: =IF(L254>179,5,IF(L254>149,4,IF(L254>119,3,IF(L254>89,2,IF(L254>59,1,IF(L254<=59,0)))))) -> 0 | O254: =IF(M254>39,1,IF(M254>32,2,IF(M254>26,3,IF(M254>20,4,IF(M254<=20,5))))) -> 1 | P254: =AVERAGE(N254,O254) -> 0.5 | Q254: =IFERROR(VLOOKUP(B254,'6-week1'!B:F,5,0),0) -> 0
A255: فاطمه امیری | B255: =TRIM(A255) -> فاطمه امیری | C255: =VLOOKUP(B255,Company!B:E,3,0) -> رازی | D255: =VLOOKUP(B255,Company!B:E,2,0) -> عصر | E255: {=IFERROR(INDEX('Team Leads'!$B:$D, MATCH(C255,'Team Leads'!$A:$A,0), MATCH(D255,'Team Leads'!$B$1:$D$1,0)), "")} -> امیررضا فلاح | F255: =VLOOKUP(B255,'Operator Bugs'!A:P,16,0) -> 0 | G255: =IFERROR(VLOOKUP(B255,'6-week1'!B:D,2,0),0) -> 0 | H255: =IFERROR(VLOOKUP(B255,'6-week1'!B:D,3,0),"-") -> - | I255: =IF(G255>179,5,IF(G255>149,4,IF(G255>119,3,IF(G255>89,2,IF(G255>59,1,IF(G255<=59,0)))))) -> 0 | J255: =IF(H255>39,1,IF(H255>32,2,IF(H255>26,3,IF(H255>20,4,IF(H255<=20,5))))) -> 1 | K255: =AVERAGE(I255:J255) -> 0.5 | L255: =IFERROR(VLOOKUP(B255,'6-week2'!B:D,2,0),0) -> 2 | M255: =IFERROR(VLOOKUP(B255,'6-week2'!B:D,3,0),0) -> 41 | N255: =IF(L255>179,5,IF(L255>149,4,IF(L255>119,3,IF(L255>89,2,IF(L255>59,1,IF(L255<=59,0)))))) -> 0 | O255: =IF(M255>39,1,IF(M255>32,2,IF(M255>26,3,IF(M255>20,4,IF(M255<=20,5))))) -> 1 | P255: =AVERAGE(N255,O255) -> 0.5 | Q255: =IFERROR(VLOOKUP(B255,'6-week1'!B:F,5,0),0) -> 0
A256: فاطمه براری | B256: =TRIM(A256) -> فاطمه براری | C256: =VLOOKUP(B256,Company!B:E,3,0) -> رازی | D256: =VLOOKUP(B256,Company!B:E,2,0) -> صبح | E256: {=IFERROR(INDEX('Team Leads'!$B:$D, MATCH(C256,'Team Leads'!$A:$A,0), MATCH(D256,'Team Leads'!$B$1:$D$1,0)), "")} -> آتنا مالمیر | F256: =VLOOKUP(B256,'Operator Bugs'!A:P,16,0) -> 0 | G256: =IFERROR(VLOOKUP(B256,'6-week1'!B:D,2,0),0) -> 54 | H256: =IFERROR(VLOOKUP(B256,'6-week1'!B:D,3,0),"-") -> 48 | I256: =IF(G256>179,5,IF(G256>149,4,IF(G256>119,3,IF(G256>89,2,IF(G256>59,1,IF(G256<=59,0)))))) -> 0 | J256: =IF(H256>39,1,IF(H256>32,2,IF(H256>26,3,IF(H256>20,4,IF(H256<=20,5))))) -> 1 | K256: =AVERAGE(I256:J256) -> 0.5 | L256: =IFERROR(VLOOKUP(B256,'6-week2'!B:D,2,0),0) -> 59 | M256: =IFERROR(VLOOKUP(B256,'6-week2'!B:D,3,0),0) -> 31 | N256: =IF(L256>179,5,IF(L256>149,4,IF(L256>119,3,IF(L256>89,2,IF(L256>59,1,IF(L256<=59,0)))))) -> 0 | O256: =IF(M256>39,1,IF(M256>32,2,IF(M256>26,3,IF(M256>20,4,IF(M256<=20,5))))) -> 3 | P256: =AVERAGE(N256,O256) -> 1.5 | Q256: =IFERROR(VLOOKUP(B256,'6-week1'!B:F,5,0),0) -> 0
A257: فاطمه منیری | B257: =TRIM(A257) -> فاطمه منیری | C257: =VLOOKUP(B257,Company!B:E,3,0) -> دی | D257: =VLOOKUP(B257,Company!B:E,2,0) -> عصر | E257: {=IFERROR(INDEX('Team Leads'!$B:$D, MATCH(C257,'Team Leads'!$A:$A,0), MATCH(D257,'Team Leads'!$B$1:$D$1,0)), "")} -> علیرضا زمانیان | F257: =VLOOKUP(B257,'Operator Bugs'!A:P,16,0) -> 0 | G257: =IFERROR(VLOOKUP(B257,'6-week1'!B:D,2,0),0) -> 57 | H257: =IFERROR(VLOOKUP(B257,'6-week1'!B:D,3,0),"-") -> 40 | I257: =IF(G257>179,5,IF(G257>149,4,IF(G257>119,3,IF(G257>89,2,IF(G257>59,1,IF(G257<=59,0)))))) -> 0 | J257: =IF(H257>39,1,IF(H257>32,2,IF(H257>26,3,IF(H257>20,4,IF(H257<=20,5))))) -> 1 | K257: =AVERAGE(I257:J257) -> 0.5 | L257: =IFERROR(VLOOKUP(B257,'6-week2'!B:D,2,0),0) -> 61 | M257: =IFERROR(VLOOKUP(B257,'6-week2'!B:D,3,0),0) -> 58 | N257: =IF(L257>179,5,IF(L257>149,4,IF(L257>119,3,IF(L257>89,2,IF(L257>59,1,IF(L257<=59,0)))))) -> 1 | O257: =IF(M257>39,1,IF(M257>32,2,IF(M257>26,3,IF(M257>20,4,IF(M257<=20,5))))) -> 1 | P257: =AVERAGE(N257,O257) -> 1 | Q257: =IFERROR(VLOOKUP(B257,'6-week1'!B:F,5,0),0) -> 0
... A279: وحید شجاعی | B279: =TRIM(A279) -> وحید شجاعی | C279: =VLOOKUP(B279,Company!B:E,3,0) -> سینا | D279: =VLOOKUP(B279,Company!B:E,2,0) -> صبح | E279: {=IFERROR(INDEX('Team Leads'!$B:$D, MATCH(C279,'Team Leads'!$A:$A,0), MATCH(D279,'Team Leads'!$B$1:$D$1,0)), "")} -> فاطمه دهقانپور | F279: =VLOOKUP(B279,'Operator Bugs'!A:P,16,0) -> 0 | G279: =IFERROR(VLOOKUP(B279,'6-week1'!B:D,2,0),0) -> 12 | H279: =IFERROR(VLOOKUP(B279,'6-week1'!B:D,3,0),"-") -> 51 | I279: =IF(G279>179,5,IF(G279>149,4,IF(G279>119,3,IF(G279>89,2,IF(G279>59,1,IF(G279<=59,0)))))) -> 0 | J279: =IF(H279>39,1,IF(H279>32,2,IF(H279>26,3,IF(H279>20,4,IF(H279<=20,5))))) -> 1 | K279: =AVERAGE(I279:J279) -> 0.5 | L279: =IFERROR(VLOOKUP(B279,'6-week2'!B:D,2,0),0) -> 12 | M279: =IFERROR(VLOOKUP(B279,'6-week2'!B:D,3,0),0) -> 46 | N279: =IF(L279>179,5,IF(L279>149,4,IF(L279>119,3,IF(L279>89,2,IF(L279>59,1,IF(L279<=59,0)))))) -> 0 | O279: =IF(M279>39,1,IF(M279>32,2,IF(M279>26,3,IF(M279>20,4,IF(M279<=20,5))))) -> 1 | P279: =AVERAGE(N279,O279) -> 0.5 | Q279: =IFERROR(VLOOKUP(B279,'6-week1'!B:F,5,0),0) -> 0
B280: مرکز صدور خوش سیرت | مهتاب سهیل رجبی | C280: =VLOOKUP(B280,Company!B:E,3,0) -> سنتر | D280: =VLOOKUP(B280,Company!B:E,2,0) -> صبح | E280: {=IFERROR(INDEX('Team Leads'!$B:$D, MATCH(C280,'Team Leads'!$A:$A,0), MATCH(D280,'Team Leads'!$B$1:$D$1,0)), "")} -> مریم ایزدی - شاهین شهریاری | F280: =VLOOKUP(B280,'Operator Bugs'!A:P,16,0) -> 0 | G280: =IFERROR(VLOOKUP(B280,'6-week1'!B:D,2,0),0) -> 26 | H280: =IFERROR(VLOOKUP(B280,'6-week1'!B:D,3,0),"-") -> 48 | I280: =IF(G280>179,5,IF(G280>149,4,IF(G280>119,3,IF(G280>89,2,IF(G280>59,1,IF(G280<=59,0)))))) -> 0 | J280: =IF(H280>39,1,IF(H280>32,2,IF(H280>26,3,IF(H280>20,4,IF(H280<=20,5))))) -> 1 | K280: =AVERAGE(I280:J280) -> 0.5 | L280: =IFERROR(VLOOKUP(B280,'6-week2'!B:D,2,0),0) -> 69 | M280: =IFERROR(VLOOKUP(B280,'6-week2'!B:D,3,0),0) -> 35 | N280: =IF(L280>179,5,IF(L280>149,4,IF(L280>119,3,IF(L280>89,2,IF(L280>59,1,IF(L280<=59,0)))))) -> 1 | O280: =IF(M280>39,1,IF(M280>32,2,IF(M280>26,3,IF(M280>20,4,IF(M280<=20,5))))) -> 2 | P280: =AVERAGE(N280,O280) -> 1.5 | Q280: =IFERROR(VLOOKUP(B280,'6-week1'!B:F,5,0),0) -> 0
B281: مرکز صدور امیرموسوی| سید مهدی امیرموسوی | C281: =VLOOKUP(B281,Company!B:E,3,0) -> سنتر | D281: =VLOOKUP(B281,Company!B:E,2,0) -> عصر | E281: {=IFERROR(INDEX('Team Leads'!$B:$D, MATCH(C281,'Team Leads'!$A:$A,0), MATCH(D281,'Team Leads'!$B$1:$D$1,0)), "")} -> هومن قضائی | F281: =VLOOKUP(B281,'Operator Bugs'!A:P,16,0) -> 0 | G281: =IFERROR(VLOOKUP(B281,'6-week1'!B:D,2,0),0) -> 6 | H281: =IFERROR(VLOOKUP(B281,'6-week1'!B:D,3,0),"-") -> 48 | I281: =IF(G281>179,5,IF(G281>149,4,IF(G281>119,3,IF(G281>89,2,IF(G281>59,1,IF(G281<=59,0)))))) -> 0 | J281: =IF(H281>39,1,IF(H281>32,2,IF(H281>26,3,IF(H281>20,4,IF(H281<=20,5))))) -> 1 | K281: =AVERAGE(I281:J281) -> 0.5 | L281: =IFERROR(VLOOKUP(B281,'6-week2'!B:D,2,0),0) -> 14 | M281: =IFERROR(VLOOKUP(B281,'6-week2'!B:D,3,0),0) -> 32 | N281: =IF(L281>179,5,IF(L281>149,4,IF(L281>119,3,IF(L281>89,2,IF(L281>59,1,IF(L281<=59,0)))))) -> 0 | O281: =IF(M281>39,1,IF(M281>32,2,IF(M281>26,3,IF(M281>20,4,IF(M281<=20,5))))) -> 3 | P281: =AVERAGE(N281,O281) -> 1.5 | Q281: =IFERROR(VLOOKUP(B281,'6-week1'!B:F,5,0),0) -> 0
B282: مرکز صدور پیرهادی | نسترن محبی | C282: =VLOOKUP(B282,Company!B:E,3,0) -> سنتر | D282: =VLOOKUP(B282,Company!B:E,2,0) -> عصر | E282: {=IFERROR(INDEX('Team Leads'!$B:$D, MATCH(C282,'Team Leads'!$A:$A,0), MATCH(D282,'Team Leads'!$B$1:$D$1,0)), "")} -> هومن قضائی | F282: =VLOOKUP(B282,'Operator Bugs'!A:P,16,0) -> 0 | G282: =IFERROR(VLOOKUP(B282,'6-week1'!B:D,2,0),0) -> 1 | H282: =IFERROR(VLOOKUP(B282,'6-week1'!B:D,3,0),"-") -> 100 | I282: =IF(G282>179,5,IF(G282>149,4,IF(G282>119,3,IF(G282>89,2,IF(G282>59,1,IF(G282<=59,0)))))) -> 0 | J282: =IF(H282>39,1,IF(H282>32,2,IF(H282>26,3,IF(H282>20,4,IF(H282<=20,5))))) -> 1 | K282: =AVERAGE(I282:J282) -> 0.5 | L282: =IFERROR(VLOOKUP(B282,'6-week2'!B:D,2,0),0) -> 0 | M282: =IFERROR(VLOOKUP(B282,'6-week2'!B:D,3,0),0) -> 0 | N282: =IF(L282>179,5,IF(L282>149,4,IF(L282>119,3,IF(L282>89,2,IF(L282>59,1,IF(L282<=59,0)))))) -> 0 | O282: =IF(M282>39,1,IF(M282>32,2,IF(M282>26,3,IF(M282>20,4,IF(M282<=20,5))))) -> 5 | P282: =AVERAGE(N282,O282) -> 2.5 | Q282: =IFERROR(VLOOKUP(B282,'6-week1'!B:F,5,0),0) -> 0
B283: زهره علی عسکری فرد | C283: =VLOOKUP(B283,Company!B:E,3,0) -> تعاون | D283: =VLOOKUP(B283,Company!B:E,2,0) -> عصر | E283: {=IFERROR(INDEX('Team Leads'!$B:$D, MATCH(C283,'Team Leads'!$A:$A,0), MATCH(D283,'Team Leads'!$B$1:$D$1,0)), "")} -> علیرضا زمانیان | F283: =VLOOKUP(B283,'Operator Bugs'!A:P,16,0) -> 0 | G283: =IFERROR(VLOOKUP(B283,'6-week1'!B:D,2,0),0) -> 0 | H283: =IFERROR(VLOOKUP(B283,'6-week1'!B:D,3,0),"-") -> - | I283: =IF(G283>179,5,IF(G283>149,4,IF(G283>119,3,IF(G283>89,2,IF(G283>59,1,IF(G283<=59,0)))))) -> 0 | J283: =IF(H283>39,1,IF(H283>32,2,IF(H283>26,3,IF(H283>20,4,IF(H283<=20,5))))) -> 1 | K283: =AVERAGE(I283:J283) -> 0.5 | L283: =IFERROR(VLOOKUP(B283,'6-week2'!B:D,2,0),0) -> 210 | M283: =IFERROR(VLOOKUP(B283,'6-week2'!B:D,3,0),0) -> 17 | N283: =IF(L283>179,5,IF(L283>149,4,IF(L283>119,3,IF(L283>89,2,IF(L283>59,1,IF(L283<=59,0)))))) -> 5 | O283: =IF(M283>39,1,IF(M283>32,2,IF(M283>26,3,IF(M283>20,4,IF(M283<=20,5))))) -> 5 | P283: =AVERAGE(N283,O283) -> 5 | Q283: =IFERROR(VLOOKUP(B283,'6-week1'!B:F,5,0),0) -> 0
B284: امیر رضا نوروزی | C284: =VLOOKUP(B284,Company!B:E,3,0) -> رازی | D284: =VLOOKUP(B284,Company!B:E,2,0) -> عصر | E284: {=IFERROR(INDEX('Team Leads'!$B:$D, MATCH(C284,'Team Leads'!$A:$A,0), MATCH(D284,'Team Leads'!$B$1:$D$1,0)), "")} -> امیررضا فلاح | F284: =VLOOKUP(B284,'Operator Bugs'!A:P,16,0) -> 0 | G284: =IFERROR(VLOOKUP(B284,'6-week1'!B:D,2,0),0) -> 0 | H284: =IFERROR(VLOOKUP(B284,'6-week1'!B:D,3,0),"-") -> - | I284: =IF(G284>179,5,IF(G284>149,4,IF(G284>119,3,IF(G284>89,2,IF(G284>59,1,IF(G284<=59,0)))))) -> 0 | J284: =IF(H284>39,1,IF(H284>32,2,IF(H284>26,3,IF(H284>20,4,IF(H284<=20,5))))) -> 1 | K284: =AVERAGE(I284:J284) -> 0.5 | L284: =IFERROR(VLOOKUP(B284,'6-week2'!B:D,2,0),0) -> 89 | M284: =IFERROR(VLOOKUP(B284,'6-week2'!B:D,3,0),0) -> 18 | N284: =IF(L284>179,5,IF(L284>149,4,IF(L284>119,3,IF(L284>89,2,IF(L284>59,1,IF(L284<=59,0)))))) -> 1 | O284: =IF(M284>39,1,IF(M284>32,2,IF(M284>26,3,IF(M284>20,4,IF(M284<=20,5))))) -> 5 | P284: =AVERAGE(N284,O284) -> 3 | Q284: =IFERROR(VLOOKUP(B284,'6-week1'!B:F,5,0),0) -> 0

Sheet Center Issue

Sheet Operator Bugs
A1: Operator name | B1: Non financial Bugs | G1: Financial Bugs | K1: Effective Bugs | M1: N.F.B count | N1: F.B count | O1: E.B count | P1: Total
A2: آبتین جباری | B2: =FALSE() -> FALSE | C2: =FALSE() -> FALSE | D2: =FALSE() -> FALSE | E2: =FALSE() -> FALSE | F2: =FALSE() -> FALSE | G2: =FALSE() -> FALSE | H2: =FALSE() -> FALSE | I2: =FALSE() -> FALSE | ... L2: =FALSE() -> FALSE | M2: =COUNTIF(B2:F2,TRUE()) -> 0 | N2: =COUNTIF(G2:J2,TRUE()) -> 0 | O2: =COUNTIF(K2:L2,TRUE()) -> 0 | P2: 0
A3: رویا زارعی | B3: =FALSE() -> FALSE | C3: =FALSE() -> FALSE | D3: =FALSE() -> FALSE | E3: =FALSE() -> FALSE | F3: =FALSE() -> FALSE | G3: =FALSE() -> FALSE | H3: =FALSE() -> FALSE | I3: =FALSE() -> FALSE | ... L3: =FALSE() -> FALSE | M3: =COUNTIF(B3:F3,TRUE()) -> 0 | N3: =COUNTIF(G3:J3,TRUE()) -> 0 | O3: =COUNTIF(K3:L3,TRUE()) -> 0 | P3: 0
A4: علی قناعتی | B4: =FALSE() -> FALSE | C4: =FALSE() -> FALSE | D4: =FALSE() -> FALSE | E4: =FALSE() -> FALSE | F4: =FALSE() -> FALSE | G4: =FALSE() -> FALSE | H4: =FALSE() -> FALSE | I4: =FALSE() -> FALSE | ... L4: =FALSE() -> FALSE | M4: =COUNTIF(B4:F4,TRUE()) -> 0 | N4: =COUNTIF(G4:J4,TRUE()) -> 0 | O4: =COUNTIF(K4:L4,TRUE()) -> 0 | P4: 0
A5: علیرضا حمید نیا | B5: =FALSE() -> FALSE | C5: =FALSE() -> FALSE | D5: =FALSE() -> FALSE | E5: =FALSE() -> FALSE | F5: =FALSE() -> FALSE | G5: =FALSE() -> FALSE | H5: =FALSE() -> FALSE | I5: =FALSE() -> FALSE | ... L5: =FALSE() -> FALSE | M5: =COUNTIF(B5:F5,TRUE()) -> 0 | N5: =COUNTIF(G5:J5,TRUE()) -> 0 | O5: =COUNTIF(K5:L5,TRUE()) -> 0 | P5: 0
A6: معراج عزیزی | B6: =FALSE() -> FALSE | C6: =FALSE() -> FALSE | D6: =FALSE() -> FALSE | E6: =FALSE() -> FALSE | F6: =FALSE() -> FALSE | G6: =FALSE() -> FALSE | H6: =FALSE() -> FALSE | I6: =FALSE() -> FALSE | ... L6: =FALSE() -> FALSE | M6: =COUNTIF(B6:F6,TRUE()) -> 0 | N6: =COUNTIF(G6:J6,TRUE()) -> 0 | O6: =COUNTIF(K6:L6,TRUE()) -> 0 | P6: 0
A7: افشین میرزاده | B7: =FALSE() -> FALSE | C7: =FALSE() -> FALSE | D7: =FALSE() -> FALSE | E7: =FALSE() -> FALSE | F7: =FALSE() -> FALSE | G7: =FALSE() -> FALSE | H7: =FALSE() -> FALSE | I7: =FALSE() -> FALSE | ... L7: =FALSE() -> FALSE | M7: =COUNTIF(B7:F7,TRUE()) -> 0 | N7: =COUNTIF(G7:J7,TRUE()) -> 0 | O7: =COUNTIF(K7:L7,TRUE()) -> 0 | P7: 0
A8: امیر حسین پزشک پور | B8: =FALSE() -> FALSE | C8: =FALSE() -> FALSE | D8: =FALSE() -> FALSE | E8: =FALSE() -> FALSE | F8: =FALSE() -> FALSE | G8: =FALSE() -> FALSE | H8: =FALSE() -> FALSE | I8: =FALSE() -> FALSE | ... L8: =FALSE() -> FALSE | M8: =COUNTIF(B8:F8,TRUE()) -> 0 | N8: =COUNTIF(G8:J8,TRUE()) -> 0 | O8: =COUNTIF(K8:L8,TRUE()) -> 0 | P8: 0
A9: امیر رضا نوروزی | B9: =FALSE() -> FALSE | C9: =FALSE() -> FALSE | D9: =FALSE() -> FALSE | E9: =FALSE() -> FALSE | F9: =FALSE() -> FALSE | G9: =FALSE() -> FALSE | H9: =FALSE() -> FALSE | I9: =FALSE() -> FALSE | ... L9: =FALSE() -> FALSE | M9: =COUNTIF(B9:F9,TRUE()) -> 0 | N9: =COUNTIF(G9:J9,TRUE()) -> 0 | O9: =COUNTIF(K9:L9,TRUE()) -> 0 | P9: 0
A10: سارا جاوری | B10: =FALSE() -> FALSE | C10: =FALSE() -> FALSE | D10: =FALSE() -> FALSE | E10: =FALSE() -> FALSE | F10: =FALSE() -> FALSE | G10: =FALSE() -> FALSE | H10: =FALSE() -> FALSE | I10: =FALSE() -> FALSE | ... L10: =FALSE() -> FALSE | M10: =COUNTIF(B10:F10,TRUE()) -> 0 | N10: =COUNTIF(G10:J10,TRUE()) -> 0 | O10: =COUNTIF(K10:L10,TRUE()) -> 0 | P10: 0
A11: سارا رسولی | B11: =FALSE() -> FALSE | C11: =FALSE() -> FALSE | D11: =FALSE() -> FALSE | E11: =FALSE() -> FALSE | F11: =FALSE() -> FALSE | G11: =FALSE() -> FALSE | H11: =FALSE() -> FALSE | I11: =FALSE() -> FALSE | ... L11: =FALSE() -> FALSE | M11: =COUNTIF(B11:F11,TRUE()) -> 0 | N11: =COUNTIF(G11:J11,TRUE()) -> 0 | O11: =COUNTIF(K11:L11,TRUE()) -> 0 | P11: 0
A12: فاطمه بهزادی | B12: =FALSE() -> FALSE | C12: =FALSE() -> FALSE | D12: =FALSE() -> FALSE | E12: =FALSE() -> FALSE | F12: =FALSE() -> FALSE | G12: =FALSE() -> FALSE | H12: =FALSE() -> FALSE | I12: =FALSE() -> FALSE | ... L12: =FALSE() -> FALSE | M12: =COUNTIF(B12:F12,TRUE()) -> 0 | N12: =COUNTIF(G12:J12,TRUE()) -> 0 | O12: =COUNTIF(K12:L12,TRUE()) -> 0 | P12: 0
A13: محمد سعیدیان | B13: =FALSE() -> FALSE | C13: =FALSE() -> FALSE | D13: =FALSE() -> FALSE | E13: =FALSE() -> FALSE | F13: =FALSE() -> FALSE | G13: =FALSE() -> FALSE | H13: =FALSE() -> FALSE | I13: =FALSE() -> FALSE | ... L13: =FALSE() -> FALSE | M13: =COUNTIF(B13:F13,TRUE()) -> 0 | N13: =COUNTIF(G13:J13,TRUE()) -> 0 | O13: =COUNTIF(K13:L13,TRUE()) -> 0 | P13: 0
... A283: مرکز صدور پیرهادی | نسترن محبی | B283: =FALSE() -> FALSE | C283: =FALSE() -> FALSE | D283: =FALSE() -> FALSE | E283: =FALSE() -> FALSE | F283: =FALSE() -> FALSE | G283: =FALSE() -> FALSE | H283: =FALSE() -> FALSE | I283: =FALSE() -> FALSE | ... L283: =FALSE() -> FALSE | M283: =COUNTIF(B283:F283,TRUE()) -> 0 | N283: =COUNTIF(G283:J283,TRUE()) -> 0 | O283: =COUNTIF(K283:L283,TRUE()) -> 0 | P283: 0
B284: =FALSE() -> FALSE | C284: =FALSE() -> FALSE | D284: =FALSE() -> FALSE | E284: =FALSE() -> FALSE | F284: =FALSE() -> FALSE | G284: =FALSE() -> FALSE | H284: =FALSE() -> FALSE | I284: =FALSE() -> FALSE | ... L284: =FALSE() -> FALSE | M284: =COUNTIF(B284:F284,TRUE()) -> 0 | N284: =COUNTIF(G284:J284,TRUE()) -> 0 | O284: =COUNTIF(K284:L284,TRUE()) -> 0 | P284: 0
B285: =FALSE() -> FALSE | C285: =FALSE() -> FALSE | D285: =FALSE() -> FALSE | E285: =FALSE() -> FALSE | F285: =FALSE() -> FALSE | G285: =FALSE() -> FALSE | H285: =FALSE() -> FALSE | I285: =FALSE() -> FALSE | ... L285: =FALSE() -> FALSE | M285: =COUNTIF(B285:F285,TRUE()) -> 0 | N285: =COUNTIF(G285:J285,TRUE()) -> 0 | O285: =COUNTIF(K285:L285,TRUE()) -> 0 | P285: 0
B286: =FALSE() -> FALSE | C286: =FALSE() -> FALSE | D286: =FALSE() -> FALSE | E286: =FALSE() -> FALSE | F286: =FALSE() -> FALSE | G286: =FALSE() -> FALSE | H286: =FALSE() -> FALSE | I286: =FALSE() -> FALSE | ... L286: =FALSE() -> FALSE | M286: =COUNTIF(B286:F286,TRUE()) -> 0 | N286: =COUNTIF(G286:J286,TRUE()) -> 0 | O286: =COUNTIF(K286:L286,TRUE()) -> 0 | P286: 0
B287: =FALSE() -> FALSE | C287: =FALSE() -> FALSE | D287: =FALSE() -> FALSE | E287: =FALSE() -> FALSE | F287: =FALSE() -> FALSE | G287: =FALSE() -> FALSE | H287: =FALSE() -> FALSE | I287: =FALSE() -> FALSE | ... L287: =FALSE() -> FALSE | M287: =COUNTIF(B287:F287,TRUE()) -> 0 | N287: =COUNTIF(G287:J287,TRUE()) -> 0 | O287: =COUNTIF(K287:L287,TRUE()) -> 0 | P287: 0
B288: =FALSE() -> FALSE | C288: =FALSE() -> FALSE | D288: =FALSE() -> FALSE | E288: =FALSE() -> FALSE | F288: =FALSE() -> FALSE | G288: =FALSE() -> FALSE | H288: =FALSE() -> FALSE | I288: =FALSE() -> FALSE | ... L288: =FALSE() -> FALSE | M288: =COUNTIF(B288:F288,TRUE()) -> 0 | N288: =COUNTIF(G288:J288,TRUE()) -> 0 | O288: =COUNTIF(K288:L288,TRUE()) -> 0 | P288: 0
B289: =FALSE() -> FALSE | C289: =FALSE() -> FALSE | D289: =FALSE() -> FALSE | E289: =FALSE() -> FALSE | F289: =FALSE() -> FALSE | G289: =FALSE() -> FALSE | H289: =FALSE() -> FALSE | I289: =FALSE() -> FALSE | ... L289: =FALSE() -> FALSE | M289: =COUNTIF(B289:F289,TRUE()) -> 0 | N289: =COUNTIF(G289:J289,TRUE()) -> 0 | O289: =COUNTIF(K289:L289,TRUE()) -> 0 | P289: 0
B290: =FALSE() -> FALSE | C290: =FALSE() -> FALSE | D290: =FALSE() -> FALSE | E290: =FALSE() -> FALSE | F290: =FALSE() -> FALSE | G290: =FALSE() -> FALSE | H290: =FALSE() -> FALSE | I290: =FALSE() -> FALSE | ... L290: =FALSE() -> FALSE | M290: =COUNTIF(B290:F290,TRUE()) -> 0 | N290: =COUNTIF(G290:J290,TRUE()) -> 0 | O290: =COUNTIF(K290:L290,TRUE()) -> 0 | P290: 0
B291: =FALSE() -> FALSE | C291: =FALSE() -> FALSE | D291: =FALSE() -> FALSE | E291: =FALSE() -> FALSE | F291: =FALSE() -> FALSE | G291: =FALSE() -> FALSE | H291: =FALSE() -> FALSE | I291: =FALSE() -> FALSE | ... L291: =FALSE() -> FALSE | M291: =COUNTIF(B291:F291,TRUE()) -> 0 | N291: =COUNTIF(G291:J291,TRUE()) -> 0 | O291: =COUNTIF(K291:L291,TRUE()) -> 0 | P291: 0
B292: =FALSE() -> FALSE | C292: =FALSE() -> FALSE | D292: =FALSE() -> FALSE | E292: =FALSE() -> FALSE | F292: =FALSE() -> FALSE | G292: =FALSE() -> FALSE | H292: =FALSE() -> FALSE | I292: =FALSE() -> FALSE | ... L292: =FALSE() -> FALSE | M292: =COUNTIF(B292:F292,TRUE()) -> 0 | N292: =COUNTIF(G292:J292,TRUE()) -> 0 | O292: =COUNTIF(K292:L292,TRUE()) -> 0 | P292: 0
B293: =FALSE() -> FALSE | C293: =FALSE() -> FALSE | D293: =FALSE() -> FALSE | E293: =FALSE() -> FALSE | F293: =FALSE() -> FALSE | G293: =FALSE() -> FALSE | H293: =FALSE() -> FALSE | I293: =FALSE() -> FALSE | ... L293: =FALSE() -> FALSE | M293: =COUNTIF(B293:F293,TRUE()) -> 0 | N293: =COUNTIF(G293:J293,TRUE()) -> 0 | O293: =COUNTIF(K293:L293,TRUE()) -> 0 | P293: 0
B294: =FALSE() -> FALSE | C294: =FALSE() -> FALSE | D294: =FALSE() -> FALSE | E294: =FALSE() -> FALSE | F294: =FALSE() -> FALSE | G294: =FALSE() -> FALSE | H294: =FALSE() -> FALSE | I294: =FALSE() -> FALSE | ... L294: =FALSE() -> FALSE | M294: =COUNTIF(B294:F294,TRUE()) -> 0 | N294: =COUNTIF(G294:J294,TRUE()) -> 0 | O294: =COUNTIF(K294:L294,TRUE()) -> 0 | P294: 0
B295: =FALSE() -> FALSE | C295: =FALSE() -> FALSE | D295: =FALSE() -> FALSE | E295: =FALSE() -> FALSE | F295: =FALSE() -> FALSE | G295: =FALSE() -> FALSE | H295: =FALSE() -> FALSE | I295: =FALSE() -> FALSE | ... L295: =FALSE() -> FALSE | M295: =COUNTIF(B295:F295,TRUE()) -> 0 | N295: =COUNTIF(G295:J295,TRUE()) -> 0 | O295: =COUNTIF(K295:L295,TRUE()) -> 0 | P295: 0
... B301: =FALSE() -> FALSE | C301: =FALSE() -> FALSE | D301: =FALSE() -> FALSE | E301: =FALSE() -> FALSE | F301: =FALSE() -> FALSE | G301: =FALSE() -> FALSE | H301: =FALSE() -> FALSE | I301: =FALSE() -> FALSE | ... L301: =FALSE() -> FALSE | M301: =COUNTIF(B301:F301,TRUE()) -> 0 | N301: =COUNTIF(G301:J301,TRUE()) -> 0 | O301: =COUNTIF(K301:L301,TRUE()) -> 0 | P301: 0

Sheet Company
A1: نام شخص | B1: نام شخص | C1: شیفت | D1: شرکت اصلی | E1: آیا دو شیفت هست؟
A2: آبتین جباری | B2: آبتین جباری | C2: صبح | D2: ایران | E2: =FALSE() -> FALSE
A3: ابوالفضل بختیاری | B3: ابوالفضل بختیاری | C3: عصر | D3: ایران | E3: =FALSE() -> FALSE
A4: آتنا محبی | B4: آتنا محبی | C4: عصر | D4: ایران | E4: =FALSE() -> FALSE
A5: احسان محمدی | B5: احسان محمدی | C5: عصر | D5: تعاون | E5: =FALSE() -> FALSE
A6: احسان بشیرزاده هنگامی | B6: احسان بشیرزاده هنگامی | C6: عصر | D6: رازی | E6: =FALSE() -> FALSE
A7: آرزو حمیدی | B7: آرزو حمیدی | C7: صبح | D7: تعاون | E7: =FALSE() -> FALSE
A8: آرزو عسگری | B8: آرزو عسگری | C8: عصر | D8: سینا | E8: =FALSE() -> FALSE
A9: آرمان صاحبی | B9: آرمان صاحبی | C9: عصر | D9: سینا | E9: =FALSE() -> FALSE
A10: آروین کیخسروی | B10: آروین کیخسروی | C10: صبح | D10: رازی | E10: =FALSE() -> FALSE
A11: آرین بحیرایی | B11: آرین بحیرایی | C11: صبح | D11: تعاون | E11: =FALSE() -> FALSE
A12: آزاده محبی | B12: آزاده محبی | C12: عصر | D12: ایران | E12: =FALSE() -> FALSE
A13: آزیتا عبدی | B13: آزیتا عبدی | C13: صبح | D13: رازی | E13: =FALSE() -> FALSE
A14: اعظم خردبیشه | B14: اعظم خردبیشه | C14: صبح | D14: ایران | E14: =FALSE() -> FALSE
A15: افشین میرزاده | B15: افشین میرزاده | C15: صبح | D15: ایران | E15: =TRUE() -> TRUE
A16: اکبر یوسفی | B16: اکبر یوسفی | C16: صبح | D16: رازی | E16: =FALSE() -> FALSE
A17: الناز بهمنی | B17: الناز بهمنی | C17: صبح | D17: رازی | E17: =FALSE() -> FALSE
A18: الهه دریکوند | B18: الهه دریکوند | C18: عصر | D18: ایران | E18: =FALSE() -> FALSE
A19: الهه ذبیحی | B19: الهه ذبیحی | C19: عصر | D19: رازی | E19: =FALSE() -> FALSE
A20: آمنه رنجبری | B20: آمنه رنجبری | C20: عصر | D20: ایران | E20: =FALSE() -> FALSE
A21: امیر محمد فیروزی | B21: امیر محمد فیروزی | C21: صبح | D21: ایران | E21: =FALSE() -> FALSE
A22: امیر حسین پزشک پور | B22: امیر حسین پزشک پور | C22: صبح | D22: رازی | E22: =FALSE() -> FALSE
A23: امیر حسین سبزیانی داویجانی | B23: امیر حسین سبزیانی داویجانی | C23: عصر | D23: رازی | E23: =FALSE() -> FALSE
A24: امیر حسین گل محمدی | B24: امیر حسین گل محمدی | C24: صبح | D24: ایران | E24: =FALSE() -> FALSE
A25: امیر حسین رستمی | B25: امیر حسین رستمی | C25: صبح | D25: رازی | E25: =FALSE() -> FALSE
A26: امیر قربانی | B26: امیر قربانی | C26: عصر | D26: رازی | E26: =FALSE() -> FALSE
A27: امیرحسین کاروند | B27: امیرحسین کاروند | C27: عصر | D27: تعاون | E27: =FALSE() -> FALSE
... A30: امین سلیمانی فرد | B30: امین سلیمانی فرد | C30: صبح | D30: تعاون | E30: =FALSE() -> FALSE
A31: آوا صادق زاده | B31: آوا صادق زاده | C31: صبح | D31: ایران | E31: =TRUE() -> TRUE
A32: بهار آبنار | B32: بهار آبنار | C32: عصر | D32: دی | E32: =FALSE() -> FALSE
A33: بهار آرین فر | B33: بهار آرین فر | C33: صبح | D33: رازی | E33: =FALSE() -> FALSE
A34: بهناز رستگار رامشه | B34: بهناز رستگار رامشه | C34: عصر | D34: هوشمند فردا | E34: =FALSE() -> FALSE
A35: پارسا نصراللهی | B35: پارسا نصراللهی | C35: عصر | D35: سینا | E35: =FALSE() -> FALSE
A36: پرنیان امیری | B36: پرنیان امیری | C36: عصر | D36: تعاون | E36: =FALSE() -> FALSE
A37: پروین شجاعی | B37: پروین شجاعی | C37: صبح | D37: دی | E37: =FALSE() -> FALSE
A38: پریا کشوری | B38: پریا کشوری | C38: صبح | D38: تعاون | E38: =FALSE() -> FALSE
A39: پریسا شعبانی | B39: پریسا شعبانی | C39: صبح | D39: تعاون | E39: =FALSE() -> FALSE
A40: پریسا تعبدی | B40: پریسا تعبدی | C40: صبح | D40: سینا | E40: =FALSE() -> FALSE
A41: پریسا تولائی | B41: پریسا تولائی | C41: صبح | D41: سینا | E41: =FALSE() -> FALSE
A42: پویا شهبازی | B42: پویا شهبازی | C42: صبح | D42: تعاون | E42: =FALSE() -> FALSE
A43: پویا رحمانی | B43: پویا رحمانی | C43: صبح | D43: رازی | E43: =FALSE() -> FALSE
... A80: زهره خانزادی | B80: زهره خانزادی | C80: صبح | D80: تعاون | E80: =FALSE() -> FALSE
A81: زهره ذبیحی | B81: زهره ذبیحی | C81: صبح | D81: رازی | E81: =TRUE() -> TRUE
A82: زهره شمس | B82: زهره شمس | C82: صبح | D82: رازی | E82: =FALSE() -> FALSE
A83: زهره صفری | B83: زهره صفری | C83: صبح | D83: سینا | E83: =FALSE() -> FALSE
A84: زیبا زارعی | B84: زیبا زارعی | C84: عصر | D84: تعاون | E84: =FALSE() -> FALSE
A85: زینب جعفری | B85: زینب جعفری | C85: صبح | D85: رازی | E85: =FALSE() -> FALSE
A86: سارا رسولی | B86: سارا رسولی | C86: عصر | D86: رازی | E86: =FALSE() -> FALSE
A87: سارا جاوری | B87: سارا جاوری | C87: صبح | D87: ایران | E87: =TRUE() -> TRUE
A88: سارا غفاری | B88: سارا غفاری | C88: عصر | D88: تعاون | E88: =FALSE() -> FALSE
A89: سایه ملکی | B89: سایه ملکی | C89: صبح | D89: تعاون | E89: =FALSE() -> FALSE
A90: سبا نصرالهی | B90: سبا نصرالهی | C90: عصر | D90: سینا | E90: =FALSE() -> FALSE
A91: سپیده ابراهیم پور مقدم | B91: سپیده ابراهیم پور مقدم | C91: عصر | D91: سینا | E91: =FALSE() -> FALSE
A92: سپیده عبدی پور | B92: سپیده عبدی پور | C92: عصر | D92: تعاون | E92: =FALSE() -> FALSE
A93: سپیده گودرزی | B93: سپیده گودرزی | C93: عصر | D93: سینا | E93: =FALSE() -> FALSE
A94: ستایش ارفع نیا | B94: ستایش ارفع نیا | C94: صبح | D94: دی | E94: =FALSE() -> FALSE
A95: سحر خدابنده | B95: سحر خدابنده | C95: صبح | D95: سینا | E95: =FALSE() -> FALSE
A96: سعید اسلاملوئیان | B96: سعید اسلاملوئیان | C96: صبح | D96: تعاون | E96: =FALSE() -> FALSE
A97: سعید براری | B97: سعید براری | C97: صبح | D97: تعاون | E97: =FALSE() -> FALSE
A98: سعید عزیزی میرحسنی | B98: سعید عزیزی میرحسنی | C98: صبح | D98: سینا | E98: =FALSE() -> FALSE
A99: سکینه کوپاهی | B99: سکینه کوپاهی | C99: صبح | D99: هوشمند فردا | E99: =FALSE() -> FALSE
... A117: شیما ساعدی | B117: شیما ساعدی | C117: صبح | D117: رازی | E117: =FALSE() -> FALSE
A118: صادق عبدی | B118: صادق عبدی | C118: عصر | D118: تعاون | E118: =TRUE() -> TRUE
A119: صبا اکبری | B119: صبا اکبری | C119: صبح | D119: هوشمند فردا | E119: =FALSE() -> FALSE
A120: صبا صباغ | B120: صبا صباغ | C120: عصر | D120: سینا | E120: =FALSE() -> FALSE
A121: عالم جعفری | B121: عالم جعفری | C121: صبح | D121: سینا | E121: =FALSE() -> FALSE
A122: عباس نصیری | B122: عباس نصیری | C122: صبح | D122: ایران | E122: =FALSE() -> FALSE
A123: علی کمالی | B123: علی کمالی | C123: عصر | D123: رازی | E123: =FALSE() -> FALSE
A124: علی جمالی | B124: علی جمالی | C124: عصر | D124: سینا | E124: =FALSE() -> FALSE
A125: علی رمضی | B125: علی رمضی | C125: صبح | D125: سینا | E125: =FALSE() -> FALSE
A126: علی قناعتی | B126: علی قناعتی | C126: عصر | D126: ایران | E126: =TRUE() -> TRUE
A127: علیرضا حمید نیا | B127: علیرضا حمید نیا | C127: عصر | D127: ایران | E127: =FALSE() -> FALSE
A128: غزل فردی تبریزی | B128: غزل فردی تبریزی | C128: صبح | D128: تعاون | E128: =FALSE() -> FALSE
A129: غلامرضا رضایی گرجان | B129: غلامرضا رضایی گرجان | C129: عصر | D129: سینا | E129: =FALSE() -> FALSE
A130: فاطمه اقلیمی | B130: فاطمه اقلیمی | C130: صبح | D130: تعاون | E130: =FALSE() -> FALSE
A131: فاطمه الهیاری | B131: فاطمه الهیاری | C131: عصر | D131: رازی | E131: =FALSE() -> FALSE
A132: فاطمه امیری | B132: فاطمه امیری | C132: عصر | D132: رازی | E132: =FALSE() -> FALSE
A133: فاطمه خوئینی | B133: فاطمه خوئینی | C133: صبح | D133: تعاون | E133: =FALSE() -> FALSE
A134: فاطمه نیکوبین | B134: فاطمه نیکوبین | C134: صبح | D134: تعاون | E134: =FALSE() -> FALSE
A135: فاطمه امان آبادی | B135: فاطمه امان آبادی | C135: صبح | D135: سینا | E135: =FALSE() -> FALSE
A136: فاطمه براری | B136: فاطمه براری | C136: صبح | D136: رازی | E136: =FALSE() -> FALSE
A137: فاطمه بهزادی | B137: فاطمه بهزادی | C137: عصر | D137: تعاون | E137: =FALSE() -> FALSE
A138: فاطمه خوشرودی | B138: فاطمه خوشرودی | C138: صبح | D138: رازی | E138: =FALSE() -> FALSE
... A156: لیلا عظیمی | B156: لیلا عظیمی | C156: عصر | D156: دی | E156: =FALSE() -> FALSE
A157: لیلا داوطلب | B157: لیلا داوطلب | C157: صبح | D157: تعاون | E157: =TRUE() -> TRUE
A158: لیلا یگانه | B158: لیلا یگانه | C158: صبح | D158: هوشمند فردا | E158: =FALSE() -> FALSE
A159: لیلی خالقی | B159: لیلی خالقی | C159: صبح | D159: رازی | E159: =FALSE() -> FALSE
A160: ماهان عبدی | B160: ماهان عبدی | C160: عصر | D160: رازی | E160: =FALSE() -> FALSE
A161: ماهدخت حسنی | B161: ماهدخت حسنی | C161: صبح | D161: رازی | E161: =FALSE() -> FALSE
A162: ماهرخ باوکان | B162: ماهرخ باوکان | C162: صبح | D162: ایران | E162: =FALSE() -> FALSE
A163: مبینا شکری | B163: مبینا شکری | C163: عصر | D163: تعاون | E163: =FALSE() -> FALSE
A164: مبینا کریمی | B164: مبینا کریمی | C164: صبح | D164: رازی | E164: =FALSE() -> FALSE
A165: مجتبی رفیع زاده بنادک | B165: مجتبی رفیع زاده بنادک | C165: صبح | D165: سینا | E165: =FALSE() -> FALSE
A166: مجتبی بابالو | B166: مجتبی بابالو | C166: عصر | D166: رازی | E166: =FALSE() -> FALSE
A167: مجتبی درزی | B167: مجتبی درزی | C167: عصر | D167: رازی | E167: =FALSE() -> FALSE
A168: محبوبه شیرزاد | B168: محبوبه شیرزاد | C168: عصر | D168: سینا | E168: =FALSE() -> FALSE
A169: محدثه کهن | B169: محدثه کهن | C169: عصر | D169: سینا | E169: =FALSE() -> FALSE
... A210: مرکز صدور یارعلی | متین کیومرثی | B210: مرکز صدور یارعلی | متین کیومرثی | C210: صبح | D210: سنتر | E210: =FALSE() -> FALSE
B211: مرکز صدور رضوانی | امیرحسین صابر | C211: صبح | D211: سنتر | E211: =FALSE() -> FALSE
B212: مرکز صدور شاه محمدی | شیوا شجاعی | C212: صبح | D212: سنتر | E212: =FALSE() -> FALSE
...

Sheet Team Leads
A1: شیفت / شرکت | B1: صبح | C1: عصر | D1: اکانت آموزشی
A2: تعاون | B2: مهدی فراهانی | C2: علیرضا زمانیان | D2: -
A3: ایران | B3: مهدی فراهانی | C3: علیرضا زمانیان | D3: -
A4: دی | B4: مهدی فراهانی | C4: علیرضا زمانیان | D4: -
A5: آرمان | B5: مهدی فراهانی | C5: علیرضا زمانیان | D5: -
A6: رازی | B6: آتنا مالمیر | C6: امیررضا فلاح | D6: -
A7: نوین | B7: آتنا مالمیر | C7: امیررضا فلاح | D7: -
A8: ما | B8: آتنا مالمیر | C8: امیررضا فلاح | D8: -
A9: سینا | B9: فاطمه دهقانپور | C9: مهدی ایازی | D9: -
A10: هوشمند فردا | B10: فاطمه دهقانپور | C10: مهدی ایازی | D10: -
A11: پارسیان | B11: فاطمه دهقانپور | C11: مهدی ایازی | D11: -
A12: تجارت نو | B12: فاطمه دهقانپور | C12: مهدی ایازی | D12: -
... A18: سنتر | B18: مریم ایزدی - شاهین شهریاری | C18: هومن قضائی | D18: شاهین شهریاری

Sheet 6-week1
A1: operator_name | B1: operator_name | C1: orders_handled | D1: avg_issuance_minutes | E1: average Score | F1: Salary
A2: آبتین جباری | B2: =TRIM(A2) -> آبتین جباری | C2: 334 | D2: 8 | E2: =IFERROR(VLOOKUP(B2,'Operators performance'!B:K,9,0),"-") -> 5 | F2: 0 | I2: Data
A3: علی قناعتی | B3: =TRIM(A3) -> علی قناعتی | C3: 262 | D3: 10 | E3: =IFERROR(VLOOKUP(B3,'Operators performance'!B:K,9,0),"-") -> 5 | F3: 0 | H3: Team Lead | I3: COUNTA of Operator | J3: AVERAGE of average Score
A4: مرکز صدور هاشم زاده | محمد هاشم زاده | B4: =TRIM(A4) -> مرکز صدور هاشم زاده | محمد هاشم زاده | C4: 79 | D4: 13 | E4: =IFERROR(VLOOKUP(B4,'Operators performance'!B:K,9,0),"-") -> 5 | F4: 0 | H4: آتنا مالمیر | I4: 42 | J4: 2.2261905
A5: اعظم خردبیشه | B5: =TRIM(A5) -> اعظم خردبیشه | C5: 100 | D5: 14 | E5: =IFERROR(VLOOKUP(B5,'Operators performance'!B:K,9,0),"-") -> 5 | F5: 0 | H5: امیررضا فلاح | I5: 31 | J5: 2.0806452
A6: علیرضا حمید نیا | B6: =TRIM(A6) -> علیرضا حمید نیا | C6: 250 | D6: 15 | E6: =IFERROR(VLOOKUP(B6,'Operators performance'!B:K,9,0),"-") -> 5 | F6: 0 | H6: شاهین شهریاری | I6: 3 | J6: 1
A7: سمانه فاطمی | B7: =TRIM(A7) -> سمانه فاطمی | C7: 92 | D7: 15 | E7: =IFERROR(VLOOKUP(B7,'Operators performance'!B:K,9,0),"-") -> 5 | F7: 0 | H7: علیرضا زمانیان | I7: 50 | J7: 2.65
A8: معراج عزیزی | B8: =TRIM(A8) -> معراج عزیزی | C8: 333 | D8: 15 | E8: =IFERROR(VLOOKUP(B8,'Operators performance'!B:K,9,0),"-") -> 5 | F8: 0 | H8: فاطمه دهقانپور | I8: 44 | J8: 2.1818182
A9: رویا زارعی | B9: =TRIM(A9) -> رویا زارعی | C9: 219 | D9: 15 | E9: =IFERROR(VLOOKUP(B9,'Operators performance'!B:K,9,0),"-") -> 5 | F9: 0 | H9: مریم ایزدی - شاهین شهریاری | I9: 30 | J9: 2.2666667
A10: آوا صادق زاده | B10: =TRIM(A10) -> آوا صادق زاده | C10: 150 | D10: 16 | E10: =IFERROR(VLOOKUP(B10,'Operators performance'!B:K,9,0),"-") -> 5 | F10: 0 | H10: مهدی ایازی | I10: 29 | J10: 2.0344828
A11: امیر حسین پزشک پور | B11: =TRIM(A11) -> امیر حسین پزشک پور | C11: 221 | D11: 16 | E11: =IFERROR(VLOOKUP(B11,'Operators performance'!B:K,9,0),"-") -> 5 | F11: 0 | H11: مهدی فراهانی | I11: 45 | J11: 2.6444444
A12: سارا رسولی | B12: =TRIM(A12) -> سارا رسولی | C12: 235 | D12: 16 | E12: =IFERROR(VLOOKUP(B12,'Operators performance'!B:K,9,0),"-") -> 5 | F12: 0 | H12: هومن قضائی | I12: 6 | J12: 0.91666667
A13: مرکز صدور رضوانی | طاهارضوانی | B13: =TRIM(A13) -> مرکز صدور رضوانی | طاهارضوانی | C13: 169 | D13: 16 | E13: =IFERROR(VLOOKUP(B13,'Operators performance'!B:K,9,0),"-") -> 5 | F13: 0 | H13: (empty)
A14: الناز بهمنی | B14: =TRIM(A14) -> الناز بهمنی | C14: 105 | D14: 16 | E14: =IFERROR(VLOOKUP(B14,'Operators performance'!B:K,9,0),"-") -> 5 | F14: 0 | H14: Total Result | I14: 280 | J14: 2.2892857
A15: مرکز صدور خوش سیرت | نازنین به نظر | B15: =TRIM(A15) -> مرکز صدور خوش سیرت | نازنین به نظر | C15: 200 | D15: 16 | E15: =IFERROR(VLOOKUP(B15,'Operators performance'!B:K,9,0),"-") -> 5 | F15: 0
A16: مرتضی احمدی | B16: =TRIM(A16) -> مرتضی احمدی | C16: 103 | D16: 17 | E16: =IFERROR(VLOOKUP(B16,'Operators performance'!B:K,9,0),"-") -> 5 | F16: 0
A17: رویا خیری | B17: =TRIM(A17) -> رویا خیری | C17: 174 | D17: 17 | E17: =IFERROR(VLOOKUP(B17,'Operators performance'!B:K,9,0),"-") -> 5 | F17: 0
A18: مهرشاد شقاقی | B18: =TRIM(A18) -> مهرشاد شقاقی | C18: 33 | D18: 18 | E18: =IFERROR(VLOOKUP(B18,'Operators performance'!B:K,9,0),"-") -> 5 | F18: 0
A19: پریا کشوری | B19: =TRIM(A19) -> پریا کشوری | C19: 15 | D19: 17 | E19: =IFERROR(VLOOKUP(B19,'Operators performance'!B:K,9,0),"-") -> 5 | F19: 0
A20: افشین میرزاده | B20: =TRIM(A20) -> افشین میرزاده | C20: 269 | D20: 18 | E20: =IFERROR(VLOOKUP(B20,'Operators performance'!B:K,9,0),"-") -> 5 | F20: 0
A21: امیر حسین رستمی | B21: =TRIM(A21) -> امیر حسین رستمی | C21: 92 | D21: 18 | E21: =IFERROR(VLOOKUP(B21,'Operators performance'!B:K,9,0),"-") -> 5 | F21: 0
A22: آرین بحیرایی | B22: =TRIM(A22) -> آرین بحیرایی | C22: 68 | D22: 18 | E22: =IFERROR(VLOOKUP(B22,'Operators performance'!B:K,9,0),"-") -> 5 | F22: 0
A23: زهره ذبیحی | B23: =TRIM(A23) -> زهره ذبیحی | C23: 65 | D23: 19 | E23: =IFERROR(VLOOKUP(B23,'Operators performance'!B:K,9,0),"-") -> 5 | F23: 0
A24: آرزو حمیدی | B24: =TRIM(A24) -> آرزو حمیدی | C24: 93 | D24: 19 | E24: =IFERROR(VLOOKUP(B24,'Operators performance'!B:K,9,0),"-") -> 5 | F24: 0
A25: سارا جاوری | B25: =TRIM(A25) -> سارا جاوری | C25: 269 | D25: 19 | E25: =IFERROR(VLOOKUP(B25,'Operators performance'!B:K,9,0),"-") -> 5 | F25: 0
A26: قاسم شکری | B26: =TRIM(A26) -> قاسم شکری | C26: 178 | D26: 18 | E26: =IFERROR(VLOOKUP(B26,'Operators performance'!B:K,9,0),"-") -> 5 | F26: 0
... A269: مرکز صدور پیرهادی | نسترن محبی | B269: =TRIM(A269) -> مرکز صدور پیرهادی | نسترن محبی | C269: 1 | D269: 100 | E269: =IFERROR(VLOOKUP(B269,'Operators performance'!B:K,9,0),"-") -> 1 | F269: 0

Sheet 6-week2
A1: operator_name | B1: =TRIM(A1) -> operator_name | C1: orders_handled | D1: avg_issuance_minutes
A2: مرکز صدور حمید طیبی | B2: =TRIM(A2) -> مرکز صدور حمید طیبی | C2: 1 | D2: 1 | E2: =IFERROR(VLOOKUP(B2,'Operators performance'!B:P,15,0),"")
A3: مهدی حیدری VIP | B3: =TRIM(A3) -> مهدی حیدری VIP | C3: 3 | D3: 1 | E3: =IFERROR(VLOOKUP(B3,'Operators performance'!B:P,15,0),"")
A4: آبتین جباری | B4: =TRIM(A4) -> آبتین جباری | C4: 298 | D4: 8 | E4: =IFERROR(VLOOKUP(B4,'Operators performance'!B:P,15,0),"") -> 5
A5: صدور الحاقیه | درسا خوشرو | B5: =TRIM(A5) -> صدور الحاقیه | درسا خوشرو | C5: 3 | D5: 9 | E5: =IFERROR(VLOOKUP(B5,'Operators performance'!B:P,15,0),"")
A6: علیرضا حمید نیا | B6: =TRIM(A6) -> علیرضا حمید نیا | C6: 253 | D6: 11 | E6: =IFERROR(VLOOKUP(B6,'Operators performance'!B:P,15,0),"") -> 5
A7: مرکز صدور کاظمی | ملیکاحسینی | B7: =TRIM(A7) -> مرکز صدور کاظمی | ملیکاحسینی | C7: 199 | D7: 11 | E7: =IFERROR(VLOOKUP(B7,'Operators performance'!B:P,15,0),"") -> 5
A8: معراج عزیزی | B8: =TRIM(A8) -> معراج عزیزی | C8: 194 | D8: 12 | E8: =IFERROR(VLOOKUP(B8,'Operators performance'!B:P,15,0),"") -> 5
A9: مرکز صدور هاشم زاده | محمد هاشم زاده | B9: =TRIM(A9) -> مرکز صدور هاشم زاده | محمد هاشم زاده | C9: 72 | D9: 12 | E9: =IFERROR(VLOOKUP(B9,'Operators performance'!B:P,15,0),"") -> 3
A10: اعظم خردبیشه | B10: =TRIM(A10) -> اعظم خردبیشه | C10: 215 | D10: 13 | E10: =IFERROR(VLOOKUP(B10,'Operators performance'!B:P,15,0),"") -> 5
A11: رویا زارعی | B11: =TRIM(A11) -> رویا زارعی | C11: 232 | D11: 13 | E11: =IFERROR(VLOOKUP(B11,'Operators performance'!B:P,15,0),"") -> 5
A12: علی شاهدی (صدور حضوری) | B12: =TRIM(A12) -> علی شاهدی (صدور حضوری) | C12: 125 | D12: 15 | E12: =IFERROR(VLOOKUP(B12,'Operators performance'!B:P,15,0),"")
A13: دنیا نوروزی (صدور حضوری ) | B13: =TRIM(A13) -> دنیا نوروزی (صدور حضوری ) | C13: 170 | D13: 14 | E13: =IFERROR(VLOOKUP(B13,'Operators performance'!B:P,15,0),"")
... A314: سینا صفر | B314: =TRIM(A314) -> سینا صفر | C314: 1 | D314: 2547 | E314: =IFERROR(VLOOKUP(B314,'Operators performance'!B:P,15,0),"")

Sheet info
A1: OCT Score(min) | D1: Issuing Score
A2: <=20 | B2: 5 | D2: >179 | E2: 5 | F2: روزانه 30 به بالا
A3: >20 | B3: 4 | D3: >149 | E3: 4 | F3: روزانه 25 تا 30
A4: >26 | B4: 3 | D4: >119 | E4: 3 | F4: روزانه 20 تا 25
A5: >32 | B5: 2 | D5: >89 | E5: 2 | F5: روزانه 15 تا 20
A6: >39 | B6: 1 | D6: >59 | E6: 1 | F6: روزانه 10 تا 15
D7: <=59 | E7: 0 | F7: روزانه زیر 10
